id,first_name,last_name,email,gender,company,ip_address,last_log_in
1,Rayna,Worrill,rworrill0@over-blog.com,Male,Skimia,215.229.63.36,2020/07/20
2,Bonnee,Sopp,bsopp1@furl.net,Female,Skimia,109.3.34.29,2020/03/20
3,Pepita,Ondrus,pondrus2@naver.com,Female,Skippad,104.232.241.26,2020/08/09
4,Leilah,Costanza,lcostanza3@statcounter.com,Female,Jabbercube,35.85.216.55,2020/07/06
5,Blair,Nehlsen,bnehlsen4@angelfire.com,Male,Browseblab,120.4.71.74,2020/07/08
6,Zak,Rubinowitch,zrubinowitch5@china.com.cn,Female,Zoozzy,57.174.208.6,2020/03/12
7,Kayne,Portail,kportail6@independent.co.uk,Female,,150.36.100.23,2020/08/20
8,Farand,Dillingham,fdillingham7@mapy.cz,Female,Kazio,26.146.26.53,2020/06/27
9,Margarete,Riba,mriba8@hubpages.com,Male,Realfire,165.167.23.82,2020/08/02
10,Marcela,Ullock,mullock9@a8.net,Male,,101.37.148.107,2020/07/04
11,Wilden,Blair,wblaira@virginia.edu,Male,Yamia,74.200.9.245,2020/10/29
12,Filmer,MacLardie,fmaclardieb@utexas.edu,Female,Blogspan,197.65.3.169,2020/10/20
13,Fowler,Dmitrovic,fdmitrovicc@a8.net,Male,Layo,2.3.35.114,2020/03/21
14,Lynnet,Trewartha,ltrewarthad@wunderground.com,Female,Wordware,157.132.127.110,2020/05/31
15,Wendeline,Ivantsov,wivantsove@mayoclinic.com,Female,Zoombox,99.48.66.70,2020/08/17
16,Romonda,Gallard,rgallardf@imageshack.us,Male,Demimbu,26.160.167.90,2020/09/17
17,Cheston,Basnall,cbasnallg@de.vu,Female,Izio,169.232.6.165,2020/04/13
18,Susann,Virgoe,svirgoeh@kickstarter.com,Male,Kamba,42.107.197.110,2020/04/09
19,Dredi,Hemms,dhemmsi@istockphoto.com,Male,Reallinks,13.221.191.196,2020/04/15
20,Myrtie,Flew,mflewj@hibu.com,Male,Geba,72.79.191.202,2020/12/05
21,Lothario,Halworth,lhalworthk@51.la,Male,Myworks,189.82.204.78,2020/03/05
22,Gaby,Phoebe,gphoebel@t-online.de,Female,Aibox,168.115.187.241,2020/09/29
23,Sheelagh,Gallant,sgallantm@redcross.org,Male,,135.169.116.21,2020/08/06
24,Abra,Kielty,akieltyn@hao123.com,Female,Brainsphere,107.155.30.33,2020/05/06
25,Cathy,Abrahmovici,cabrahmovicio@virginia.edu,Female,Feednation,191.130.224.49,2020/12/17
26,Marji,Lottrington,mlottringtonp@tiny.cc,Male,Mycat,69.184.129.135,2020/05/30
27,Angy,Fillan,afillanq@ed.gov,Male,Yodel,137.175.76.60,2021/02/03
28,Kissie,Inggall,kinggallr@twitter.com,Female,Browsecat,47.79.146.207,2020/05/25
29,Nero,Huggard,nhuggards@slashdot.org,Female,Babbleset,176.171.144.81,2020/06/28
30,Tremaine,Ewenson,tewensont@drupal.org,Female,,147.158.166.102,2020/06/30
31,Bourke,Sally,bsallyu@uol.com.br,Female,Skyvu,13.72.14.125,2020/11/28
32,Cheston,Fayne,cfaynev@google.co.jp,Female,Cogidoo,195.212.227.103,2021/01/05
33,Conrado,Morando,cmorandow@ycombinator.com,Male,Chatterpoint,239.154.241.71,2020/03/04
34,Vonni,Daykin,vdaykinx@ibm.com,Female,Zooxo,119.126.165.102,2020/10/24
35,Elke,Reinhard,ereinhardy@sogou.com,Female,Ainyx,118.79.49.2,2020/07/17
36,Riccardo,Flescher,rflescherz@altervista.org,Female,Demivee,170.163.87.78,2020/09/09
37,Letty,Langsdon,llangsdon10@exblog.jp,Male,Abatz,218.9.190.171,2020/03/29
38,Flss,Milbank,fmilbank11@hibu.com,Female,Zoomcast,12.237.143.126,2020/06/09
39,Addy,Peltz,apeltz12@liveinternet.ru,Male,,24.99.230.219,2020/03/31
40,Danila,Copland,dcopland13@va.gov,Female,Bubbletube,130.248.1.206,2020/03/30
41,Flore,Haukey,fhaukey14@acquirethisname.com,Female,Feedbug,148.53.131.112,2020/06/11
42,Burke,Bresman,bbresman15@jalbum.net,Female,Skinix,46.141.213.207,2021/02/25
43,Mathian,Shafier,mshafier16@cornell.edu,Female,Demimbu,204.172.155.16,2020/12/07
44,Clevie,Mansour,cmansour17@shop-pro.jp,Female,Flashdog,223.220.200.115,2020/12/19
45,Lorry,Gatherer,lgatherer18@cornell.edu,Female,,142.46.126.42,2020/10/20
46,Beaufort,Thewlis,bthewlis19@virginia.edu,Male,Pixoboo,66.217.44.132,2020/05/13
47,Tab,Barrett,tbarrett1a@wp.com,Male,Kamba,97.121.99.47,2020/11/03
48,Helenelizabeth,Dulake,hdulake1b@wikipedia.org,Female,Jetpulse,55.68.201.113,2020/05/17
49,Shaylah,Lisciandri,slisciandri1c@ehow.com,Female,Realpoint,246.62.28.99,2020/10/26
50,Rose,Linley,rlinley1d@photobucket.com,Female,Eadel,141.25.140.209,2020/12/25
51,Euell,MacAlpine,emacalpine1e@a8.net,Male,Twinder,9.138.144.203,2021/01/18
52,Clarey,Mumby,cmumby1f@irs.gov,Male,Demimbu,107.142.171.68,2021/02/12
53,Gregoor,Dragge,gdragge1g@privacy.gov.au,Female,Oba,238.222.25.36,2020/12/04
54,Collette,Eiler,ceiler1h@home.pl,Female,Voomm,178.64.224.111,2020/04/04
55,Kaitlynn,Staples,kstaples1i@elegantthemes.com,Male,Feedfish,233.10.156.97,2021/02/13
56,Darci,Blacker,dblacker1j@macromedia.com,Male,Realpoint,162.0.242.155,2020/08/07
57,Agustin,Lottrington,alottrington1k@trellian.com,Male,Yadel,109.211.79.63,2020/06/25
58,Marinna,Slaight,mslaight1l@kickstarter.com,Female,Twitterbeat,69.21.207.91,2020/10/12
59,Sheff,Lander,slander1m@salon.com,Male,Jetwire,201.50.2.151,2020/08/19
60,Aida,Tilby,atilby1n@ibm.com,Male,,18.231.207.26,2020/05/06
61,Arne,Greally,agreally1o@pcworld.com,Male,Kwinu,140.247.22.239,2020/12/16
62,Tomasina,Andreev,tandreev1p@printfriendly.com,Male,Ntag,31.166.242.74,2020/10/01
63,Kary,Drust,kdrust1q@google.it,Female,Blogspan,186.111.32.159,2021/02/02
64,Eda,Neiland,eneiland1r@princeton.edu,Female,Photofeed,5.69.165.249,2021/01/19
65,Evan,Bruineman,ebruineman1s@dmoz.org,Female,Zoozzy,238.177.183.247,2021/01/19
66,Kassie,Macewan,kmacewan1t@hc360.com,Male,Dynava,137.150.65.48,2020/10/03
67,Prudy,Mathan,pmathan1u@xrea.com,Female,Fliptune,60.5.51.133,2021/01/09
68,Stuart,Colcutt,scolcutt1v@fc2.com,Male,Quatz,178.132.108.119,2020/06/09
69,Vi,Vader,vvader1w@marriott.com,Male,Avamba,38.244.176.15,2020/12/13
70,Emelina,Tyres,etyres1x@wunderground.com,Female,Fivebridge,188.80.197.192,2020/10/15
71,Stacy,Murfett,smurfett1y@hc360.com,Male,Eire,144.78.218.190,2020/12/19
72,Bette-ann,Maryott,bmaryott1z@baidu.com,Female,Dabshots,26.168.185.129,2020/08/12
73,Gale,Rudman,grudman20@studiopress.com,Female,Geba,164.50.226.180,2021/02/14
74,Chrissie,Beidebeke,cbeidebeke21@google.com,Female,Wikivu,5.120.205.16,2020/09/02
75,Joli,Gunner,jgunner22@nsw.gov.au,Female,Talane,135.176.191.217,2020/08/20
76,Roderigo,Dudeney,rdudeney23@163.com,Female,Skyvu,147.158.220.61,2021/02/08
77,Beauregard,Fulun,bfulun24@google.nl,Male,Tazz,84.132.61.176,2020/05/20
78,Abel,Longcake,alongcake25@github.com,Male,Linklinks,157.217.57.144,2020/04/20
79,Westbrook,Mulderrig,wmulderrig26@mapquest.com,Male,Lazzy,225.108.254.54,2020/06/20
80,Flori,Burgan,fburgan27@infoseek.co.jp,Male,Voonyx,3.35.107.147,2021/01/07
81,Randall,Ghione,rghione28@sohu.com,Female,Kaymbo,74.68.221.105,2021/02/12
82,Giovanni,Scrowton,gscrowton29@nasa.gov,Female,Vitz,100.254.11.23,2020/12/28
83,Demetrius,Skerrett,dskerrett2a@bbb.org,Male,Twinder,237.14.217.105,2020/06/07
84,Horace,Perfili,hperfili2b@webs.com,Male,Geba,196.59.55.136,2020/12/21
85,Ulrich,Stoacley,ustoacley2c@sphinn.com,Male,Fliptune,253.247.206.229,2021/01/25
86,Pierce,Burn,pburn2d@huffingtonpost.com,Male,Oyondu,249.247.128.219,2020/04/02
87,Evy,Purshouse,epurshouse2e@amazon.co.jp,Female,Demizz,96.158.2.32,2020/09/24
88,Adolpho,Durbridge,adurbridge2f@nifty.com,Male,Zoomdog,117.22.214.31,2020/05/28
89,Hadley,Jendrassik,hjendrassik2g@fotki.com,Male,Jabbercube,248.20.171.211,2020/06/17
90,Carmita,Style,cstyle2h@va.gov,Female,Jayo,153.75.231.80,2020/06/03
91,Towny,Trevaskis,ttrevaskis2i@taobao.com,Female,Feedfire,180.205.194.55,2020/07/08
92,Godwin,Point,gpoint2j@dagondesign.com,Female,Dabfeed,164.196.120.169,2020/04/29
93,Jarvis,Suter,jsuter2k@dell.com,Female,Tagfeed,194.160.22.31,2020/07/02
94,Arte,Dade,adade2l@wordpress.com,Female,Thoughtbridge,138.156.72.157,2020/06/10
95,Barb,Stothart,bstothart2m@columbia.edu,Male,Gabtune,201.161.151.102,2020/11/13
96,Tristam,Tenby,ttenby2n@wiley.com,Female,Yombu,202.138.198.165,2020/03/06
97,Amalea,Naylor,anaylor2o@globo.com,Male,Yacero,193.0.228.127,2020/09/28
98,Nicola,Oakton,noakton2p@nps.gov,Female,Fivechat,199.247.88.64,2020/05/31
99,Guenevere,Tax,gtax2q@google.fr,Female,,137.96.17.7,2021/01/10
100,Brantley,Orsay,borsay2r@epa.gov,Male,Browsebug,217.24.37.247,2020/03/16
101,Any,Ruslin,aruslin2s@geocities.jp,Female,Linklinks,62.137.68.14,2020/05/04
102,Zach,Redemile,zredemile2t@dot.gov,Female,Omba,176.107.190.240,2020/03/16
103,Roderic,Treharne,rtreharne2u@samsung.com,Female,Quinu,153.29.89.7,2020/03/23
104,Edita,Watkiss,ewatkiss2v@timesonline.co.uk,Male,Tagopia,245.229.61.11,2020/10/03
105,Hashim,Brogioni,hbrogioni2w@nhs.uk,Female,Aimbu,122.58.120.177,2020/02/29
106,Law,Romera,lromera2x@fastcompany.com,Female,Wordify,158.173.217.1,2020/07/01
107,Aldin,Dionisi,adionisi2y@elpais.com,Male,Skibox,56.184.104.59,2020/09/12
108,Joachim,Bauldrey,jbauldrey2z@addthis.com,Female,Rhyzio,140.45.248.243,2020/12/17
109,Cyril,Bruckent,cbruckent30@sfgate.com,Male,Skiptube,58.168.66.1,2020/08/18
110,Corinna,Skerme,cskerme31@hp.com,Male,Zava,134.118.128.214,2021/02/08
111,Jeana,Edgeon,jedgeon32@oracle.com,Male,Demivee,166.233.6.16,2020/03/07
112,Elianore,Ghiron,eghiron33@europa.eu,Male,Realmix,168.100.250.65,2020/09/17
113,Carol,Szymonowicz,cszymonowicz34@sogou.com,Female,Wikizz,22.61.226.121,2020/04/26
114,Wyatt,Kas,wkas35@nationalgeographic.com,Female,Gigabox,68.36.216.80,2020/05/27
115,Aubry,Stodart,astodart36@twitter.com,Female,Avamba,240.246.99.129,2020/11/30
116,Martica,Brendeke,mbrendeke37@weather.com,Female,Jayo,114.246.136.46,2020/02/28
117,Carolann,Luciani,cluciani38@posterous.com,Male,,157.9.110.34,2020/03/02
118,Deane,Stoite,dstoite39@apple.com,Female,Rhyzio,44.145.231.122,2020/04/09
119,Allys,Kirlin,akirlin3a@dmoz.org,Male,Twitterbridge,243.116.195.143,2020/07/26
120,Corabelle,Quarrell,cquarrell3b@cisco.com,Male,Meedoo,71.37.38.67,2020/07/02
121,Stefan,MacDonogh,smacdonogh3c@loc.gov,Male,Thoughtsphere,115.114.196.88,2020/10/06
122,Netti,Tebbut,ntebbut3d@people.com.cn,Male,Podcat,101.17.224.243,2021/01/12
123,Merry,Yanele,myanele3e@japanpost.jp,Male,Mita,252.106.218.15,2021/01/01
124,Giffie,MacGibbon,gmacgibbon3f@marketwatch.com,Male,Feedfire,195.69.158.239,2021/02/13
125,Anstice,Owbrick,aowbrick3g@networksolutions.com,Male,Realblab,64.62.235.245,2020/11/06
126,Christie,Carnock,ccarnock3h@sfgate.com,Male,Fiveclub,214.9.124.27,2020/05/30
127,Riordan,Bulled,rbulled3i@flavors.me,Female,,34.191.139.21,2020/06/11
128,Vilma,Tabour,vtabour3j@merriam-webster.com,Female,Topicware,129.116.88.161,2020/10/29
129,Matthaeus,Waitland,mwaitland3k@sohu.com,Male,Photofeed,93.136.182.28,2020/04/15
130,Denice,Joss,djoss3l@scientificamerican.com,Male,Photojam,143.199.43.126,2020/08/19
131,Alyss,Abatelli,aabatelli3m@woothemes.com,Female,Livetube,165.243.11.133,2021/02/27
132,Georgine,Chezier,gchezier3n@yellowbook.com,Female,Divavu,193.52.66.231,2020/09/21
133,Caterina,Lawlor,clawlor3o@businessinsider.com,Male,Meeveo,55.225.205.5,2020/08/07
134,Lissy,Wilson,lwilson3p@drupal.org,Male,Yoveo,243.86.255.189,2020/04/14
135,Shel,Pledge,spledge3q@msn.com,Male,Tazzy,57.130.19.158,2020/05/06
136,Antonin,Kerne,akerne3r@mail.ru,Male,Chatterpoint,26.243.223.56,2020/05/19
137,Buckie,Byard,bbyard3s@facebook.com,Male,Bubbletube,204.20.162.39,2021/02/19
138,Arlin,McPeice,amcpeice3t@fda.gov,Male,Livetube,57.221.28.181,2020/02/29
139,Damaris,Maides,dmaides3u@msu.edu,Male,Bubbletube,242.252.20.16,2020/08/03
140,Dulcinea,Penddreth,dpenddreth3v@google.com,Female,Jayo,184.237.118.164,2020/09/01
141,Lissy,Bubeer,lbubeer3w@fc2.com,Female,Livetube,22.148.125.227,2020/06/30
142,Teddie,Bartosch,tbartosch3x@arizona.edu,Female,Gevee,138.180.225.128,2020/09/07
143,Hally,Lownsbrough,hlownsbrough3y@stumbleupon.com,Male,DabZ,185.25.207.54,2020/11/08
144,Joly,Rambadt,jrambadt3z@apache.org,Female,Brainverse,136.104.104.96,2020/07/07
145,Leicester,Kauscher,lkauscher40@devhub.com,Male,Photobug,1.64.247.14,2020/11/13
146,Obadias,Pass,opass41@geocities.com,Male,Twinte,241.48.189.50,2020/11/29
147,Charley,Pennick,cpennick42@ftc.gov,Female,Skinte,147.211.113.145,2020/09/22
148,Ertha,Yeoman,eyeoman43@japanpost.jp,Female,Dynava,128.194.134.68,2020/03/02
149,Cleopatra,Hallam,challam44@linkedin.com,Female,Feedbug,202.48.230.108,2020/09/02
150,Rad,Sambell,rsambell45@who.int,Female,Jaxnation,132.73.79.59,2020/07/11
151,Nanine,Syplus,nsyplus46@flickr.com,Male,Trilith,177.33.194.211,2021/02/02
152,Wilfrid,Cambell,wcambell47@sakura.ne.jp,Female,Camimbo,192.97.83.112,2020/10/31
153,Donica,Tunnow,dtunnow48@google.com,Female,Skalith,156.18.185.239,2020/12/24
154,Pip,Peer,ppeer49@amazon.co.jp,Male,Mydeo,222.231.116.235,2020/06/17
155,Deeann,Whitsun,dwhitsun4a@tinypic.com,Male,Edgewire,161.233.31.188,2020/12/21
156,Tomi,Glendinning,tglendinning4b@de.vu,Male,Riffpath,231.224.83.255,2020/07/29
157,Audre,Millership,amillership4c@skype.com,Male,Izio,26.5.124.7,2020/04/05
158,Clemmie,Denney,cdenney4d@reference.com,Male,,88.33.154.108,2021/01/09
159,Constantine,Schoales,cschoales4e@fotki.com,Female,Quaxo,235.0.171.92,2020/11/06
160,Eunice,Benezeit,ebenezeit4f@twitter.com,Female,Reallinks,210.219.224.123,2020/05/28
161,Blinnie,Elcox,belcox4g@netscape.com,Female,Rhynoodle,40.129.102.66,2020/10/01
162,Hermione,Sirr,hsirr4h@imdb.com,Female,Realmix,154.241.20.89,2020/06/06
163,Kale,Skakunas,kskakunas4i@skyrock.com,Male,Jabberstorm,205.179.247.181,2020/10/04
164,Rodolphe,Craghead,rcraghead4j@theatlantic.com,Male,Mydeo,31.20.94.240,2020/03/18
165,Rosemary,Treagust,rtreagust4k@myspace.com,Male,Aimbo,33.104.172.194,2020/05/01
166,Emmalynn,Harmour,eharmour4l@yellowpages.com,Male,Midel,194.232.65.34,2020/12/09
167,Tull,Kilkenny,tkilkenny4m@eventbrite.com,Male,Plajo,235.102.45.59,2020/06/06
168,Estella,Hilary,ehilary4n@pinterest.com,Male,Kwimbee,170.186.26.23,2020/12/18
169,Heindrick,Corre,hcorre4o@surveymonkey.com,Female,Leexo,151.248.56.55,2020/12/18
170,Tami,Davydoch,tdavydoch4p@psu.edu,Male,Feedbug,84.236.205.245,2020/07/02
171,Berny,Lampke,blampke4q@e-recht24.de,Female,Geba,28.140.20.174,2020/10/05
172,Ginelle,Dowdney,gdowdney4r@sina.com.cn,Male,Yata,143.180.249.249,2020/12/02
173,Isaak,Folomkin,ifolomkin4s@is.gd,Male,Devpulse,153.64.61.95,2020/03/28
174,Jewell,Douthwaite,jdouthwaite4t@hatena.ne.jp,Female,Flashdog,131.233.134.120,2020/04/15
175,Holden,Racher,hracher4u@google.fr,Female,Mynte,12.168.19.85,2020/04/12
176,Mathe,Marlowe,mmarlowe4v@e-recht24.de,Female,Yodel,49.23.16.55,2020/09/10
177,Merv,Falkner,mfalkner4w@bluehost.com,Male,Gigaclub,136.127.247.241,2020/11/25
178,Jobi,Macauley,jmacauley4x@nydailynews.com,Female,Rooxo,132.140.113.108,2020/10/17
179,Saunderson,Monckman,smonckman4y@creativecommons.org,Male,Quaxo,192.47.141.156,2020/08/11
180,Rochelle,Emlin,remlin4z@dropbox.com,Male,Aivee,196.132.240.144,2020/04/24
181,Herc,Beetles,hbeetles50@comcast.net,Female,Tagtune,82.31.102.28,2020/03/30
182,Sallyann,Olivas,solivas51@a8.net,Female,Riffpedia,11.143.51.36,2020/10/15
183,Rozalin,Louys,rlouys52@google.com,Male,Mita,162.200.110.233,2020/10/12
184,Maggi,Obern,mobern53@blogtalkradio.com,Female,Thoughtbridge,0.0.169.232,2021/01/10
185,Batsheva,Peterson,bpeterson54@mayoclinic.com,Male,Buzzdog,204.74.152.85,2020/04/18
186,Loralie,Cuer,lcuer55@de.vu,Female,Trupe,98.147.155.66,2020/04/08
187,Gaspar,Le feuvre,glefeuvre56@youtu.be,Male,Shuffletag,209.70.75.150,2020/03/20
188,Normy,Meeke,nmeeke57@skyrock.com,Female,Dynabox,123.167.128.69,2020/11/10
189,Conrad,Dannehl,cdannehl58@mapy.cz,Male,Youopia,218.217.77.245,2020/06/15
190,Felipe,Birkenshaw,fbirkenshaw59@netvibes.com,Female,Buzzster,175.22.165.200,2020/03/07
191,Peggie,Ibbitt,pibbitt5a@blogspot.com,Male,Fivespan,99.210.123.164,2020/03/31
192,Del,Nelmes,dnelmes5b@google.co.uk,Female,Youfeed,155.116.187.85,2020/05/03
193,Orland,Rorke,ororke5c@deviantart.com,Female,Mydeo,117.194.227.216,2020/08/07
194,Cecelia,Renzini,crenzini5d@ftc.gov,Male,Brainbox,23.57.245.112,2020/11/18
195,Brittany,Bims,bbims5e@unicef.org,Female,Devcast,154.253.146.81,2020/04/12
196,Paulo,Bigby,pbigby5f@cdbaby.com,Male,Yakitri,47.66.224.193,2021/01/20
197,Winn,Sander,wsander5g@vkontakte.ru,Male,Skipstorm,187.220.204.152,2020/02/28
198,Toby,Baudts,tbaudts5h@multiply.com,Female,Rhynoodle,9.149.198.233,2020/08/15
199,Annalise,Sandland,asandland5i@google.es,Female,Wikizz,23.209.108.221,2020/12/15
200,Francesca,Giles,fgiles5j@chicagotribune.com,Female,Photospace,61.178.121.63,2020/09/15
201,Stephenie,Rain,srain5k@biglobe.ne.jp,Male,,167.77.154.81,2020/09/06
202,Maryrose,Stollmeier,mstollmeier5l@xrea.com,Male,Browsetype,245.20.129.255,2021/01/22
203,Emerson,Hourston,ehourston5m@nasa.gov,Male,Feedfish,65.183.191.235,2020/07/27
204,Eveline,Manthorpe,emanthorpe5n@umn.edu,Male,Wikivu,65.148.198.227,2020/10/30
205,Lucia,Spragg,lspragg5o@vkontakte.ru,Male,Buzzshare,113.40.114.167,2020/04/04
206,Tobi,Goodredge,tgoodredge5p@nydailynews.com,Male,Rooxo,93.161.237.155,2021/02/27
207,Lin,Annets,lannets5q@merriam-webster.com,Female,Youspan,220.24.86.111,2020/08/19
208,Dione,Izat,dizat5r@a8.net,Male,Innojam,90.17.152.155,2020/12/27
209,Maye,Delacour,mdelacour5s@issuu.com,Male,Wordify,17.165.203.86,2020/08/02
210,Lev,Blanchette,lblanchette5t@vkontakte.ru,Male,Eayo,213.198.207.190,2020/11/13
211,Bernetta,Mapp,bmapp5u@webnode.com,Male,Skinte,28.239.32.195,2020/06/03
212,Kally,Mehaffey,kmehaffey5v@pbs.org,Male,,132.114.22.23,2020/08/22
213,Olympia,De Giovanni,odegiovanni5w@amazon.co.jp,Female,Skilith,176.239.142.111,2020/11/17
214,Batsheva,Wrotchford,bwrotchford5x@usgs.gov,Male,Brightbean,195.252.43.168,2020/06/10
215,Slade,Folini,sfolini5y@craigslist.org,Male,Fivechat,189.99.160.185,2020/04/13
216,Danni,MacCarrane,dmaccarrane5z@oaic.gov.au,Female,Kayveo,197.13.93.18,2020/08/17
217,Bradan,Beckerleg,bbeckerleg60@devhub.com,Female,Edgewire,201.75.229.145,2020/12/18
218,Ingamar,Baack,ibaack61@ed.gov,Female,Skipfire,136.12.118.43,2020/12/12
219,Davida,Biasioni,dbiasioni62@dion.ne.jp,Female,Pixonyx,217.28.46.110,2020/06/13
220,Hector,Hills,hhills63@stumbleupon.com,Male,Realpoint,194.216.107.187,2021/01/11
221,Rene,Kleis,rkleis64@opera.com,Female,Wordtune,227.124.102.172,2020/02/29
222,Thatch,Mifflin,tmifflin65@unblog.fr,Female,Riffpedia,23.1.249.123,2020/11/25
223,Barnaby,Priddis,bpriddis66@mtv.com,Female,Cogibox,72.40.39.103,2020/07/11
224,Gael,Keinrat,gkeinrat67@vimeo.com,Female,Yadel,130.120.249.248,2021/02/13
225,Hastings,Litherborough,hlitherborough68@go.com,Male,Photobug,12.210.63.139,2021/01/23
226,Phaedra,Triner,ptriner69@mail.ru,Female,Thoughtbridge,184.39.123.49,2020/08/13
227,Ruggiero,Dufore,rdufore6a@shutterfly.com,Female,Vitz,183.99.127.236,2020/09/03
228,Jarvis,Arnson,jarnson6b@baidu.com,Female,Twitterlist,127.247.35.210,2020/03/01
229,Geoffry,Hallows,ghallows6c@toplist.cz,Female,Demivee,77.233.59.96,2020/10/12
230,Melania,McKinley,mmckinley6d@google.co.uk,Male,Linkbuzz,47.198.202.126,2020/05/16
231,Lindsay,Hazeldean,lhazeldean6e@epa.gov,Female,Browsebug,255.137.8.84,2020/05/15
232,Libby,Loyd,lloyd6f@sogou.com,Female,Jayo,179.181.185.202,2020/09/24
233,Kimbell,MacCoughan,kmaccoughan6g@mlb.com,Male,Avamba,110.213.67.222,2020/06/08
234,Cornall,Backshall,cbackshall6h@imgur.com,Male,Topicblab,83.190.142.39,2020/10/16
235,Bertine,Beckson,bbeckson6i@github.com,Female,Yombu,29.156.137.25,2020/03/22
236,Salmon,MacElholm,smacelholm6j@google.de,Male,Jazzy,156.195.76.165,2020/07/25
237,Lief,Duddell,lduddell6k@newyorker.com,Female,Topicshots,105.171.157.14,2020/04/07
238,Candi,Filpo,cfilpo6l@bloglovin.com,Female,LiveZ,2.112.48.149,2020/03/28
239,Gladys,Wehnerr,gwehnerr6m@google.co.uk,Female,Realmix,47.60.183.128,2020/05/29
240,Tamas,Karel,tkarel6n@nifty.com,Female,Tekfly,102.0.80.166,2020/07/16
241,Malvin,Geale,mgeale6o@arstechnica.com,Female,Tagchat,92.233.168.26,2020/05/04
242,Teador,Sign,tsign6p@webs.com,Male,Omba,183.167.139.77,2020/10/12
243,Cornelius,Bjerkan,cbjerkan6q@usnews.com,Female,Trilith,173.60.126.221,2020/11/01
244,Josi,Morson,jmorson6r@geocities.com,Male,Feedfire,91.243.1.170,2020/05/01
245,Ibby,Varsey,ivarsey6s@geocities.com,Male,,60.84.190.145,2020/11/20
246,Akim,Marti,amarti6t@msn.com,Female,Voonte,19.228.111.192,2020/07/25
247,Gates,Crafter,gcrafter6u@gmpg.org,Male,Zoomlounge,158.70.230.54,2021/01/13
248,Bartlett,Siemianowicz,bsiemianowicz6v@disqus.com,Male,Browsetype,238.78.127.247,2021/02/13
249,Woodrow,Soeiro,wsoeiro6w@ameblo.jp,Female,Edgetag,100.133.67.83,2020/08/22
250,Ardyth,Touzey,atouzey6x@plala.or.jp,Male,Skibox,0.179.2.1,2020/05/10
251,Brietta,La Padula,blapadula6y@de.vu,Male,Twinder,153.138.228.101,2020/11/20
252,Andee,Issatt,aissatt6z@freewebs.com,Female,,19.167.32.139,2020/07/04
253,Ludovika,Dykins,ldykins70@domainmarket.com,Female,Gigabox,41.113.115.222,2020/07/07
254,Fairleigh,Farryann,ffarryann71@paginegialle.it,Male,Skinte,207.89.99.150,2021/02/08
255,Even,Charrington,echarrington72@nps.gov,Male,Meembee,96.95.51.100,2020/09/27
256,Daisie,Hay,dhay73@omniture.com,Male,Aimbo,238.144.17.41,2020/08/16
257,Link,Hawking,lhawking74@so-net.ne.jp,Male,Mynte,148.24.74.17,2020/07/25
258,Clair,Exley,cexley75@statcounter.com,Female,Midel,244.9.217.187,2020/06/26
259,Tobi,Dudney,tdudney76@ifeng.com,Female,Quimm,76.101.235.48,2020/03/06
260,Philis,Dormer,pdormer77@sohu.com,Male,Aimbo,236.35.104.129,2020/09/30
261,Albertina,Galle,agalle78@artisteer.com,Male,Brainsphere,235.61.91.89,2020/05/22
262,Valaree,Dunning,vdunning79@toplist.cz,Female,Tekfly,177.247.157.197,2020/06/23
263,Marleah,Clemencon,mclemencon7a@miitbeian.gov.cn,Male,Yozio,231.28.8.110,2020/11/29
264,Lotta,Andreutti,landreutti7b@pen.io,Female,Agimba,127.37.103.10,2020/04/24
265,Auberta,Scrooby,ascrooby7c@arizona.edu,Male,Feednation,236.130.119.27,2020/05/11
266,Pet,Wildbore,pwildbore7d@behance.net,Male,Zoonder,38.95.113.150,2020/07/21
267,Kerr,Brunner,kbrunner7e@biblegateway.com,Female,Meezzy,188.195.200.26,2021/01/16
268,Timothea,Cadd,tcadd7f@columbia.edu,Male,Jabberbean,53.46.70.7,2020/04/24
269,Arnaldo,Croan,acroan7g@ning.com,Male,Zooveo,218.152.6.175,2020/08/05
270,Francklin,Peachman,fpeachman7h@myspace.com,Male,Jaxworks,230.85.37.33,2020/12/07
271,Jenifer,Yakovitch,jyakovitch7i@prlog.org,Female,Pixope,59.140.156.97,2020/11/15
272,Tammy,Fedorski,tfedorski7j@gizmodo.com,Male,Brightbean,200.78.173.248,2020/10/28
273,Odie,Moverley,omoverley7k@auda.org.au,Female,Youopia,235.196.218.19,2021/02/04
274,Leighton,Aldersea,laldersea7l@t-online.de,Female,Vipe,97.214.143.114,2020/09/16
275,Maddy,Urvoy,murvoy7m@live.com,Female,Kwilith,60.192.32.74,2020/06/02
276,Suzy,Despenser,sdespenser7n@a8.net,Male,Avavee,69.93.172.175,2020/08/12
277,Sigismundo,Ponten,sponten7o@soup.io,Female,Realcube,81.87.104.208,2020/04/24
278,Edin,Blesing,eblesing7p@wikipedia.org,Male,Youspan,60.22.228.105,2020/11/15
279,Felita,Reinbech,freinbech7q@sogou.com,Female,Skinder,252.109.149.255,2020/11/22
280,Nanny,Skillen,nskillen7r@wp.com,Male,,174.80.54.50,2020/12/16
281,Laurianne,Skynner,lskynner7s@wix.com,Female,BlogXS,225.45.250.181,2021/02/25
282,Cy,Farress,cfarress7t@wisc.edu,Male,Wikibox,79.109.225.24,2020/05/30
283,Indira,Bumpass,ibumpass7u@ucoz.com,Male,Photobug,238.203.16.31,2020/08/23
284,Beth,Gilbertson,bgilbertson7v@census.gov,Female,Roomm,30.28.239.79,2020/04/29
285,Olympia,Grewes,ogrewes7w@howstuffworks.com,Male,Talane,71.80.122.1,2020/08/09
286,Odelinda,Carbin,ocarbin7x@newsvine.com,Male,Yombu,20.130.251.171,2020/05/15
287,Dennet,Alliott,dalliott7y@sakura.ne.jp,Male,Dynabox,4.241.122.57,2020/10/29
288,Easter,Tunnadine,etunnadine7z@phoca.cz,Male,,106.253.43.46,2020/09/30
289,Wynn,Yarrell,wyarrell80@nydailynews.com,Female,Flashset,120.179.124.109,2020/07/08
290,Devland,Poulsen,dpoulsen81@nba.com,Female,Devshare,165.121.199.5,2020/06/20
291,Cynde,Marskell,cmarskell82@technorati.com,Female,Tagcat,241.18.196.30,2020/06/10
292,Arly,Gulland,agulland83@twitter.com,Female,Yombu,150.126.106.222,2020/09/15
293,Frances,Probart,fprobart84@cyberchimps.com,Male,Edgetag,236.152.130.101,2020/04/22
294,Ann,Hasel,ahasel85@nature.com,Female,Feedbug,32.31.101.120,2020/11/21
295,Emmalynn,Divis,edivis86@vkontakte.ru,Female,Jaxbean,140.145.42.117,2020/12/12
296,Heath,Remmers,hremmers87@is.gd,Male,Voolia,125.110.61.250,2020/10/16
297,Merridie,Goodlud,mgoodlud88@flavors.me,Male,Meetz,238.36.59.234,2020/08/01
298,Gerek,Doucette,gdoucette89@hud.gov,Male,Meembee,56.206.29.51,2021/02/06
299,Amelie,Axtonne,aaxtonne8a@booking.com,Male,Feednation,144.50.76.72,2020/09/03
300,Calla,Goucher,cgoucher8b@webnode.com,Female,Plajo,234.30.156.151,2020/12/29
301,Spike,Francie,sfrancie8c@nymag.com,Male,Jabbercube,48.129.167.72,2020/10/10
302,Hurlee,Howsin,hhowsin8d@g.co,Female,Edgepulse,180.122.93.17,2021/01/24
303,Jobie,Bellelli,jbellelli8e@cnn.com,Female,Gevee,1.116.180.56,2020/03/21
304,Mari,Collacombe,mcollacombe8f@yellowbook.com,Female,Topiclounge,6.223.145.240,2020/08/03
305,Bastian,Colrein,bcolrein8g@opensource.org,Female,Livefish,114.76.242.223,2020/11/10
306,Davina,Ogborn,dogborn8h@thetimes.co.uk,Male,Edgetag,66.101.32.169,2020/07/02
307,Aridatha,Cicconettii,acicconettii8i@microsoft.com,Male,Demivee,105.38.235.126,2021/02/27
308,Natalie,Surfleet,nsurfleet8j@hostgator.com,Female,Brainsphere,242.59.154.95,2020/04/23
309,Brewster,Latty,blatty8k@wired.com,Female,Dabjam,184.177.75.136,2020/05/04
310,Winnifred,Widdowson,wwiddowson8l@admin.ch,Male,Gabcube,142.47.123.129,2020/11/27
311,Rica,Poel,rpoel8m@sitemeter.com,Male,Npath,157.231.214.74,2021/01/13
312,Marjorie,Croizier,mcroizier8n@wix.com,Male,,125.43.152.227,2020/03/26
313,Levey,Brookesbie,lbrookesbie8o@unesco.org,Female,Dynabox,59.123.229.115,2020/12/06
314,Marilin,Acreman,macreman8p@hexun.com,Female,Mymm,237.190.75.61,2020/08/25
315,Rubina,Cicccitti,rcicccitti8q@bloglines.com,Female,Zooveo,105.208.121.68,2020/12/11
316,Dede,Skeldon,dskeldon8r@howstuffworks.com,Male,Fatz,190.136.173.208,2020/06/25
317,Rosella,Smallpeace,rsmallpeace8s@livejournal.com,Female,Jamia,69.9.60.138,2020/06/29
318,Francoise,Griffith,fgriffith8t@deliciousdays.com,Female,,243.65.4.222,2020/11/29
319,Durward,Andrzejewski,dandrzejewski8u@dropbox.com,Male,Oozz,54.38.102.130,2021/02/23
320,Jerrilyn,Melhuish,jmelhuish8v@sbwire.com,Female,Tazz,5.203.75.165,2020/05/07
321,Deidre,Petyanin,dpetyanin8w@wisc.edu,Female,Gabcube,251.132.48.39,2020/08/30
322,Rivi,Hartlebury,rhartlebury8x@europa.eu,Male,Ozu,11.162.121.129,2020/12/01
323,Viviene,Snashall,vsnashall8y@thetimes.co.uk,Female,Pixoboo,1.154.252.84,2021/01/05
324,Chad,Elliker,celliker8z@com.com,Female,Teklist,175.81.196.180,2020/03/30
325,Ruddie,Rodolf,rrodolf90@studiopress.com,Male,Realbridge,228.134.194.43,2020/06/11
326,Hailey,Bridgnell,hbridgnell91@cbsnews.com,Female,Avamm,202.81.22.132,2020/12/20
327,Winfred,Yarr,wyarr92@is.gd,Male,Agimba,17.45.71.116,2020/04/21
328,Piggy,Ginnelly,pginnelly93@de.vu,Male,Skidoo,57.175.175.52,2020/09/12
329,Beck,Chastney,bchastney94@house.gov,Male,Realbuzz,129.160.161.182,2021/01/24
330,Maddi,Heinl,mheinl95@people.com.cn,Female,Pixonyx,234.41.179.57,2021/01/27
331,Hubert,Tutill,htutill96@domainmarket.com,Female,Kare,197.154.48.94,2020/09/21
332,Gorden,Folliss,gfolliss97@ihg.com,Female,,32.109.130.161,2021/01/26
333,Mathe,Lamort,mlamort98@php.net,Female,Skimia,120.3.67.41,2020/12/05
334,Cirilo,Borthwick,cborthwick99@huffingtonpost.com,Male,Lajo,177.134.147.120,2020/04/11
335,Blinny,Saw,bsaw9a@issuu.com,Female,Skiptube,21.180.252.136,2020/11/23
336,Jacinta,Volet,jvolet9b@abc.net.au,Male,Tagpad,159.181.100.136,2020/10/14
337,Issy,Farraway,ifarraway9c@zimbio.com,Female,Kwinu,189.182.147.244,2020/04/28
338,Ogdon,O'Dyvoie,oodyvoie9d@statcounter.com,Male,Innojam,8.166.63.49,2020/07/23
339,Hartwell,Tunnadine,htunnadine9e@sfgate.com,Male,Quamba,54.159.2.115,2021/01/16
340,Aleta,Welbeck,awelbeck9f@statcounter.com,Female,Oloo,96.252.160.233,2020/12/24
341,Nero,Kubec,nkubec9g@joomla.org,Female,Vinte,137.195.61.141,2020/11/08
342,Crystal,Collin,ccollin9h@yelp.com,Female,Edgeclub,234.14.142.222,2020/09/25
343,Kimberley,Reina,kreina9i@telegraph.co.uk,Female,Kwimbee,237.162.252.95,2020/11/13
344,Kay,Empleton,kempleton9j@ask.com,Male,Twitterwire,199.56.141.74,2020/06/21
345,Marc,Ponte,mponte9k@feedburner.com,Male,Twitterbridge,49.136.178.70,2020/08/07
346,Glenden,Gebby,ggebby9l@vistaprint.com,Female,Buzzster,121.182.122.108,2021/02/14
347,Margaret,Yurenev,myurenev9m@cam.ac.uk,Female,Yoveo,134.138.81.177,2021/02/15
348,Laverna,Wilkerson,lwilkerson9n@pagesperso-orange.fr,Female,Divanoodle,242.88.70.49,2020/09/17
349,Lucina,Mulqueen,lmulqueen9o@t-online.de,Male,Oodoo,101.52.89.94,2020/04/26
350,Marjory,Dewire,mdewire9p@google.pl,Male,Yakidoo,121.149.30.208,2020/10/20
351,Jeralee,Kelsell,jkelsell9q@freewebs.com,Male,Eare,253.254.154.255,2020/11/03
352,Cortie,Castanyer,ccastanyer9r@imageshack.us,Female,Abata,103.180.124.253,2021/01/10
353,Fransisco,Brewitt,fbrewitt9s@netlog.com,Male,Izio,137.146.138.131,2020/04/11
354,Gaile,La Croce,glacroce9t@bbb.org,Male,Flipbug,42.100.212.72,2020/04/09
355,Shae,Grishukov,sgrishukov9u@go.com,Female,Devshare,216.255.215.112,2020/08/11
356,North,Rogans,nrogans9v@bloglines.com,Male,Jaxnation,211.15.61.209,2020/12/03
357,Jake,Dutteridge,jdutteridge9w@jimdo.com,Female,Brainsphere,94.21.173.180,2020/12/26
358,Arleen,Losty,alosty9x@blog.com,Male,Riffpedia,241.71.223.236,2020/09/05
359,Gordie,Layburn,glayburn9y@npr.org,Male,Yakitri,222.253.202.234,2020/12/19
360,Barbie,Enbury,benbury9z@senate.gov,Female,Wikido,146.39.153.219,2020/03/11
361,Tallie,Monteath,tmonteatha0@omniture.com,Female,Browsebug,41.245.50.231,2020/06/21
362,Brewer,Schottli,bschottlia1@ucsd.edu,Male,Quire,249.96.224.247,2020/05/02
363,Deanne,Boneham,dbonehama2@yellowpages.com,Female,Jayo,239.241.242.11,2020/10/02
364,Mil,Edwins,medwinsa3@google.cn,Female,Leexo,231.176.127.246,2020/06/07
365,Cordey,Satyford,csatyforda4@wisc.edu,Female,Babbleset,183.232.114.159,2020/11/10
366,Teddie,McTeague,tmcteaguea5@surveymonkey.com,Female,Gabcube,129.19.1.246,2020/09/13
367,Betty,Beazey,bbeazeya6@oaic.gov.au,Male,Livetube,125.27.15.192,2020/04/17
368,Mariejeanne,Fillon,mfillona7@furl.net,Male,Flashpoint,225.113.130.210,2021/02/08
369,Abie,Marwood,amarwooda8@domainmarket.com,Male,Skilith,4.39.21.201,2020/11/10
370,Kaela,Davenhall,kdavenhalla9@last.fm,Female,Thoughtstorm,55.29.96.220,2020/06/27
371,Saxon,Beves,sbevesaa@w3.org,Male,Topicshots,247.1.232.10,2021/02/22
372,Vyky,Murrow,vmurrowab@livejournal.com,Female,Rhycero,105.250.42.233,2020/06/08
373,Jethro,Lubbock,jlubbockac@eventbrite.com,Female,Topicshots,13.59.213.195,2021/01/05
374,Salomon,Salerg,ssalergad@artisteer.com,Female,Jaxnation,139.27.17.228,2020/10/09
375,Cart,Axelbey,caxelbeyae@yandex.ru,Male,Kayveo,36.151.195.205,2021/01/29
376,Claudia,Tetther,ctettheraf@loc.gov,Female,Yabox,188.166.16.90,2020/06/20
377,Saw,Whartonby,swhartonbyag@infoseek.co.jp,Female,Feedfish,49.40.106.216,2020/12/14
378,Portie,Gamet,pgametah@ask.com,Female,Ntags,38.30.149.96,2020/11/14
379,Darrell,Drewet,ddrewetai@spotify.com,Male,Latz,124.75.193.174,2020/12/10
380,Vanna,Matoshin,vmatoshinaj@cbslocal.com,Female,Flashset,102.17.144.250,2021/01/27
381,Carmella,Croall,ccroallak@free.fr,Male,DabZ,177.186.181.160,2021/01/16
382,Abner,Theaker,atheakeral@usgs.gov,Female,Jabbersphere,18.33.83.249,2020/08/01
383,Cammy,Scolding,cscoldingam@usnews.com,Male,Agimba,107.175.167.41,2021/01/09
384,Ashely,Paybody,apaybodyan@bandcamp.com,Female,Feedbug,211.201.153.199,2020/06/30
385,Vinny,Wetherald,vwetheraldao@washington.edu,Male,Twitterbeat,69.158.189.33,2021/02/20
386,Pat,Weekes,pweekesap@weebly.com,Male,BlogXS,117.204.85.180,2020/10/05
387,Lorry,Risbrough,lrisbroughaq@shareasale.com,Male,Jabbertype,189.125.247.6,2020/04/10
388,Udale,Kohn,ukohnar@1und1.de,Male,Dabjam,147.74.240.108,2020/11/10
389,Peggi,Willgoss,pwillgossas@ask.com,Female,Meetz,216.11.43.61,2020/03/08
390,Josselyn,Summerton,jsummertonat@sohu.com,Male,Brainlounge,147.177.44.174,2020/07/14
391,Colene,Dory,cdoryau@csmonitor.com,Male,Yata,194.79.216.40,2020/07/04
392,Carlin,Gennrich,cgennrichav@msn.com,Female,,133.175.108.22,2020/11/30
393,Charmaine,Gerrelts,cgerreltsaw@shinystat.com,Female,Meevee,106.134.128.7,2020/10/10
394,Sephira,Bush,sbushax@mapy.cz,Male,Midel,83.56.26.161,2021/02/11
395,Yorgo,Birmingham,ybirminghamay@wikispaces.com,Female,Dynazzy,115.230.13.255,2020/07/15
396,Meir,Grisedale,mgrisedaleaz@so-net.ne.jp,Male,Pixope,166.54.94.228,2020/06/27
397,Anastasia,Mynett,amynettb0@nationalgeographic.com,Female,Ailane,39.190.189.68,2020/03/10
398,Kissiah,Dedman,kdedmanb1@wired.com,Female,Eare,121.57.95.109,2021/02/27
399,Jacynth,Torrese,jtorreseb2@imageshack.us,Male,Blognation,148.165.38.129,2021/02/13
400,Neille,Canham,ncanhamb3@newyorker.com,Female,Trunyx,174.159.207.56,2020/11/27
401,Phil,Rampage,prampageb4@latimes.com,Male,,28.13.45.146,2020/08/14
402,Brittne,Di Domenico,bdidomenicob5@canalblog.com,Female,Skiba,122.181.163.221,2020/08/13
403,Kial,Brisse,kbrisseb6@t-online.de,Male,Jaloo,26.48.68.6,2020/09/15
404,Seth,Halegarth,shalegarthb7@redcross.org,Female,Fliptune,238.212.159.62,2020/06/17
405,Karleen,Cowthart,kcowthartb8@canalblog.com,Male,Midel,82.173.216.19,2020/05/18
406,Yetta,Pringuer,ypringuerb9@cloudflare.com,Male,Quaxo,145.195.221.156,2020/11/06
407,Cindelyn,Honywill,chonywillba@umich.edu,Female,Vipe,117.89.235.79,2020/09/02
408,Sherill,Urian,surianbb@narod.ru,Female,Quamba,4.184.156.208,2020/03/03
409,Ilaire,Robke,irobkebc@wix.com,Male,Wikizz,222.224.228.218,2020/12/08
410,Ellissa,Gilardoni,egilardonibd@yellowbook.com,Female,Quimm,78.183.232.193,2020/11/03
411,Burg,Plott,bplottbe@meetup.com,Female,Gabcube,61.158.103.250,2020/11/24
412,Flinn,Ferenc,fferencbf@a8.net,Female,Midel,165.27.250.207,2020/11/26
413,Newton,Brickham,nbrickhambg@youtu.be,Male,Gevee,193.39.127.46,2020/03/09
414,Stace,Venus,svenusbh@cbsnews.com,Male,Browsebug,17.123.202.31,2020/03/13
415,Myrwyn,Edbrooke,medbrookebi@narod.ru,Male,Centizu,251.239.7.10,2021/01/31
416,Lia,Glasman,lglasmanbj@scientificamerican.com,Female,Rhybox,162.165.116.2,2020/07/12
417,Henry,Brumfitt,hbrumfittbk@skype.com,Male,Kayveo,49.125.246.86,2021/01/27
418,Elnora,Thomelin,ethomelinbl@myspace.com,Male,Oozz,105.196.132.203,2020/11/28
419,Laurel,Gillani,lgillanibm@about.me,Female,Janyx,110.69.142.209,2020/08/01
420,Dana,Hourihan,dhourihanbn@sina.com.cn,Female,Dynabox,124.252.122.213,2020/06/21
421,Willa,Adam,wadambo@bing.com,Male,Wikizz,198.127.81.183,2020/11/19
422,Violetta,Nasey,vnaseybp@ucoz.ru,Male,Yakitri,213.79.77.212,2020/11/18
423,Mame,Gravey,mgraveybq@quantcast.com,Female,Topicware,177.39.244.160,2020/08/22
424,Gallard,Search,gsearchbr@mail.ru,Male,Zoomlounge,161.188.209.229,2021/01/02
425,Gerrilee,Hudspeth,ghudspethbs@blinklist.com,Male,Youspan,196.144.189.215,2020/04/28
426,Lucius,Ferdinand,lferdinandbt@npr.org,Female,Brightbean,142.91.204.242,2020/11/05
427,Jena,Chese,jchesebu@cnn.com,Female,Brainbox,94.143.141.221,2020/10/04
428,Matthaeus,Exter,mexterbv@wikipedia.org,Male,,175.180.73.211,2020/08/19
429,Teodoor,Stoppard,tstoppardbw@ebay.com,Male,Quimm,176.0.169.28,2020/11/27
430,Beatriz,Haberjam,bhaberjambx@storify.com,Male,Realmix,132.140.133.48,2020/09/01
431,Trixi,Burberow,tburberowby@posterous.com,Female,Minyx,35.169.17.103,2020/09/28
432,Amii,Currey,acurreybz@weibo.com,Male,Aimbo,211.137.40.39,2021/02/07
433,Ricky,Schole,rscholec0@yolasite.com,Female,Gabvine,28.202.254.92,2020/09/24
434,Wilie,Myall,wmyallc1@nationalgeographic.com,Male,Quinu,221.53.253.91,2021/02/10
435,Marena,Mc Caghan,mmccaghanc2@forbes.com,Female,Eire,134.185.155.50,2021/02/10
436,Dorice,Piesold,dpiesoldc3@wikispaces.com,Female,Jayo,208.45.46.82,2020/07/10
437,Adan,Ghelarducci,aghelarduccic4@vimeo.com,Male,Dynazzy,18.66.187.10,2020/09/30
438,Mylo,Ropartz,mropartzc5@google.it,Female,Blogspan,233.236.214.24,2020/11/11
439,Marcello,Bubbings,mbubbingsc6@list-manage.com,Male,Twinder,152.235.83.236,2020/03/10
440,Amabel,Drysdale,adrysdalec7@mit.edu,Male,Kanoodle,116.18.128.153,2020/10/30
441,Jennifer,Ollerearnshaw,jollerearnshawc8@xing.com,Female,Mydeo,151.222.200.12,2020/03/19
442,Morganne,Morstatt,mmorstattc9@patch.com,Male,Skinte,155.239.88.14,2020/08/23
443,Loleta,Yeliashev,lyeliashevca@hhs.gov,Male,Meejo,119.63.141.175,2021/02/04
444,Immanuel,Sussems,isussemscb@who.int,Male,Rhycero,45.64.47.195,2020/11/30
445,Tiebout,Cornick,tcornickcc@nasa.gov,Male,Agimba,13.97.161.121,2021/01/07
446,Dexter,Gopsall,dgopsallcd@bigcartel.com,Female,Dynabox,95.94.189.104,2020/08/03
447,Annalee,Rudyard,arudyardce@last.fm,Male,,203.203.38.223,2020/03/20
448,Ursala,Darlaston,udarlastoncf@themeforest.net,Male,Camimbo,210.68.62.40,2020/10/13
449,Mateo,Pavese,mpavesecg@php.net,Male,Skalith,92.176.250.144,2020/07/29
450,Kiel,Lealle,kleallech@webs.com,Female,Pixoboo,207.162.146.173,2020/11/15
451,Jason,Barns,jbarnsci@statcounter.com,Female,Buzzshare,53.135.154.5,2020/05/01
452,Annie,Kingwell,akingwellcj@slideshare.net,Male,Oodoo,185.230.48.199,2020/07/01
453,Hedwiga,Illiston,hillistonck@seesaa.net,Female,Meetz,17.154.82.117,2020/08/06
454,Kelci,Drillot,kdrillotcl@google.co.uk,Male,Topicshots,195.33.113.254,2020/08/07
455,Christine,Muddiman,cmuddimancm@myspace.com,Female,Oyoyo,21.18.16.85,2020/03/30
456,Heath,Matteo,hmatteocn@typepad.com,Male,Chatterbridge,240.201.51.37,2020/09/20
457,Ulrike,Aldred,ualdredco@globo.com,Female,Kwinu,208.129.136.100,2020/12/29
458,Chelsea,Rossborough,crossboroughcp@csmonitor.com,Male,Youspan,3.17.35.55,2021/02/02
459,Willie,Fairbourn,wfairbourncq@theatlantic.com,Male,Fivechat,42.114.151.144,2020/08/06
460,Wynne,Kleynermans,wkleynermanscr@ovh.net,Male,Shufflebeat,50.239.80.105,2020/03/18
461,Odella,Maryska,omaryskacs@google.nl,Male,Jetpulse,191.146.225.82,2020/06/17
462,Merline,Dashkovich,mdashkovichct@abc.net.au,Female,Flipopia,157.175.2.118,2021/02/17
463,Warner,McCarly,wmccarlycu@wikimedia.org,Male,Twimbo,72.38.154.23,2020/11/26
464,Melody,Malia,mmaliacv@cafepress.com,Male,Yata,70.74.20.38,2020/08/19
465,Hannah,Turbayne,hturbaynecw@cpanel.net,Female,Vidoo,49.139.38.170,2021/01/21
466,Sascha,Mille,smillecx@whitehouse.gov,Male,Devshare,123.107.136.213,2020/11/10
467,Rora,Durrett,rdurrettcy@facebook.com,Female,Meetz,198.0.178.174,2020/12/10
468,Jacqui,Tortoishell,jtortoishellcz@newsvine.com,Female,Yakidoo,81.107.131.191,2020/11/23
469,Joellyn,Porritt,jporrittd0@yellowbook.com,Female,Edgetag,243.237.207.212,2020/11/15
470,Rick,Gullane,rgullaned1@odnoklassniki.ru,Female,Dabjam,129.108.147.4,2020/09/02
471,Thedric,Spriggen,tspriggend2@berkeley.edu,Female,Mymm,180.189.189.69,2020/08/05
472,Audi,Scopes,ascopesd3@timesonline.co.uk,Male,Trilia,15.0.254.34,2020/12/31
473,Rowen,Arens,rarensd4@microsoft.com,Female,Skalith,7.209.149.149,2020/12/04
474,Rollin,Screas,rscreasd5@soup.io,Female,Katz,65.95.45.237,2020/03/21
475,Gabby,Chinery,gchineryd6@mit.edu,Female,Trilia,85.147.28.175,2020/11/17
476,Ellery,Lingwood,elingwoodd7@reuters.com,Male,Vimbo,189.210.160.10,2020/05/09
477,Bee,Siddens,bsiddensd8@jalbum.net,Female,Photobean,244.64.26.147,2020/02/28
478,Marlow,Embling,memblingd9@netscape.com,Male,Twitternation,106.117.121.114,2020/05/26
479,Eli,Libbie,elibbieda@nba.com,Male,Babbleblab,4.255.203.152,2020/07/14
480,Euell,Hughson,ehughsondb@shinystat.com,Female,Edgetag,140.148.124.214,2020/09/06
481,Clementine,Danter,cdanterdc@census.gov,Female,Cogibox,32.36.59.19,2020/02/29
482,Joya,Russe,jrussedd@hibu.com,Female,Jaxspan,62.52.247.178,2020/12/27
483,Wenonah,Hardwich,whardwichde@xrea.com,Female,Topiclounge,187.78.17.52,2020/11/05
484,Gladi,Bloan,gbloandf@wikispaces.com,Male,Jaxspan,8.151.74.101,2021/02/26
485,Eunice,Parkhouse,eparkhousedg@utexas.edu,Female,Twitterbeat,199.150.160.104,2020/10/07
486,Judith,Medforth,jmedforthdh@samsung.com,Male,Yoveo,228.73.201.170,2020/03/15
487,Jackie,McInnerny,jmcinnernydi@sohu.com,Female,DabZ,209.50.44.80,2020/10/26
488,Gabriello,Dewerson,gdewersondj@icq.com,Female,Photobean,141.41.199.106,2020/07/19
489,Adi,Stoyell,astoyelldk@springer.com,Male,Agimba,15.41.42.72,2020/06/26
490,Wildon,Winder,wwinderdl@oaic.gov.au,Male,Meembee,3.50.201.206,2020/03/11
491,Raddy,Autry,rautrydm@weather.com,Male,Centidel,39.171.186.109,2021/01/28
492,Ravi,Durand,rduranddn@digg.com,Male,Geba,128.107.100.103,2021/01/24
493,Alicia,Tuxwell,atuxwelldo@joomla.org,Male,Twinte,72.85.182.221,2020/10/17
494,Shanda,Boundey,sboundeydp@dmoz.org,Male,Eamia,11.255.248.46,2020/03/18
495,Rip,Burroughes,rburroughesdq@salon.com,Male,Zooxo,185.143.33.229,2021/02/17
496,Augustina,Stallworthy,astallworthydr@ameblo.jp,Female,Talane,19.236.72.48,2020/12/04
497,Coralyn,Crumpton,ccrumptonds@google.de,Male,Gabvine,167.125.40.219,2021/01/06
498,Angie,Arnaldy,aarnaldydt@xrea.com,Male,Browsezoom,240.62.203.242,2021/01/27
499,Grayce,Kopta,gkoptadu@bloglines.com,Male,Oyondu,37.238.71.7,2020/06/17
500,Clemmy,Grodden,cgroddendv@google.it,Female,Skyvu,238.137.110.185,2020/11/16
501,Rex,Runchman,rrunchmandw@reverbnation.com,Male,Minyx,148.208.112.253,2020/05/05
502,Broderic,Haggerstone,bhaggerstonedx@hud.gov,Male,Cogidoo,158.151.187.215,2020/07/15
503,Emilie,Sandilands,esandilandsdy@huffingtonpost.com,Male,Eidel,99.210.17.219,2021/01/14
504,Monroe,Lackinton,mlackintondz@technorati.com,Female,Ntag,143.89.112.163,2021/01/24
505,Orville,Lawty,olawtye0@nbcnews.com,Female,Meeveo,123.122.102.173,2020/07/19
506,Gus,Ludlow,gludlowe1@wisc.edu,Male,Zoonoodle,143.162.197.123,2020/09/11
507,Pren,Jencken,pjenckene2@dell.com,Female,Realfire,205.145.152.3,2020/12/14
508,Waldemar,McDuffy,wmcduffye3@auda.org.au,Female,Yodoo,161.200.108.54,2020/07/03
509,Tiffanie,Gribbins,tgribbinse4@reference.com,Female,Lajo,255.243.45.116,2020/06/20
510,Kenneth,Muge,kmugee5@chicagotribune.com,Female,Riffwire,28.195.62.30,2020/07/20
511,Zahara,Beadon,zbeadone6@yolasite.com,Male,Trudoo,41.37.59.15,2020/06/09
512,Lydie,O'Cannon,locannone7@slate.com,Male,Centizu,144.18.203.197,2020/12/23
513,Lauri,Bartels-Ellis,lbartelsellise8@histats.com,Female,Geba,143.154.92.185,2021/02/21
514,Cleveland,Keepence,ckeepencee9@time.com,Male,Leenti,255.119.103.76,2020/08/31
515,Brina,Clampton,bclamptonea@qq.com,Male,Lajo,152.4.114.209,2021/01/16
516,Aldridge,Clewer,aclewereb@facebook.com,Female,Snaptags,225.92.245.80,2020/03/09
517,Tessie,Carreyette,tcarreyetteec@is.gd,Male,Trupe,162.243.130.71,2020/05/02
518,Norri,Lain,nlained@ucoz.ru,Male,Brainsphere,54.121.134.48,2020/08/14
519,Jerrilee,Starsmeare,jstarsmeareee@samsung.com,Male,Zoomdog,94.198.11.65,2020/06/02
520,Murry,Callaghan,mcallaghanef@yale.edu,Male,Thoughtstorm,255.34.158.249,2020/12/30
521,Pascal,Bedells,pbedellseg@rambler.ru,Male,Skyba,26.89.237.157,2020/03/24
522,Elvira,Scholer,escholereh@go.com,Male,Demizz,69.237.10.217,2021/02/09
523,Carlynn,Bisson,cbissonei@marketwatch.com,Male,Buzzdog,20.252.219.178,2020/11/07
524,Melisent,Fidilis,mfidilisej@theatlantic.com,Male,Vidoo,225.170.90.65,2020/11/03
525,Monique,Swyer-Sexey,mswyersexeyek@e-recht24.de,Male,Yakijo,5.220.126.134,2020/07/20
526,Rooney,Malim,rmalimel@ibm.com,Female,Gigashots,172.119.66.184,2020/10/22
527,Dix,Cossentine,dcossentineem@businesswire.com,Female,Rhynoodle,228.231.44.112,2020/10/31
528,Mano,Ragg,mraggen@zimbio.com,Female,Twinte,96.83.230.2,2020/04/27
529,Peterus,Schankel,pschankeleo@youtu.be,Male,Realbuzz,151.101.211.12,2021/01/13
530,Suzi,Mapplebeck,smapplebeckep@scientificamerican.com,Male,Gabvine,50.27.70.27,2020/07/04
531,Bret,Rickesies,brickesieseq@china.com.cn,Female,Blogpad,81.20.214.62,2020/09/19
532,Rick,McLice,rmcliceer@usda.gov,Female,Quire,134.6.6.252,2020/10/16
533,Stephen,Leban,slebanes@cafepress.com,Male,Meeveo,162.202.56.53,2020/06/20
534,Rea,Reading,rreadinget@senate.gov,Male,Eamia,93.62.247.250,2020/07/05
535,Nichol,Camin,ncamineu@economist.com,Male,Zoonoodle,180.254.46.114,2020/08/31
536,Georgy,Sloam,gsloamev@hibu.com,Female,Buzzster,210.111.168.18,2020/08/28
537,Lucilia,Silvester,lsilvesterew@webnode.com,Male,Oodoo,26.71.237.208,2020/09/20
538,Zared,Buxey,zbuxeyex@zdnet.com,Female,Demimbu,77.73.52.108,2020/09/21
539,Torie,Postin,tpostiney@jimdo.com,Male,Oyoloo,59.141.156.53,2020/03/17
540,Lorrayne,Clouter,lclouterez@guardian.co.uk,Male,Npath,218.206.36.0,2021/02/10
541,Tremaine,Tofanelli,ttofanellif0@state.gov,Male,Digitube,239.127.146.234,2020/08/23
542,Gabriello,Buske,gbuskef1@google.com,Male,Brainlounge,156.74.30.144,2021/01/24
543,Samuel,Smallcomb,ssmallcombf2@timesonline.co.uk,Female,Yakijo,83.83.218.164,2020/04/26
544,Corrie,Ginnelly,cginnellyf3@mit.edu,Female,Quire,9.175.253.132,2021/02/18
545,Hobey,Josefs,hjosefsf4@epa.gov,Female,Mynte,125.171.15.56,2020/12/18
546,Grace,Steinhammer,gsteinhammerf5@parallels.com,Female,Youfeed,78.88.173.46,2020/03/02
547,Michaela,Sands,msandsf6@instagram.com,Female,Mycat,92.189.92.250,2020/06/09
548,Rex,Karlolak,rkarlolakf7@sitemeter.com,Female,Voomm,231.207.250.245,2020/08/21
549,Carley,Brugh,cbrughf8@networksolutions.com,Male,Yata,105.160.21.229,2020/05/08
550,Rozelle,Antley,rantleyf9@discuz.net,Female,Roodel,25.226.25.7,2020/08/24
551,Garnette,Lease,gleasefa@360.cn,Male,Tagopia,228.209.210.112,2020/06/17
552,Willi,Dufer,wduferfb@jugem.jp,Male,Innojam,249.129.3.68,2020/11/10
553,Gifford,Reader,greaderfc@google.com.br,Male,Bluejam,212.189.195.138,2020/03/07
554,Harriette,Hartright,hhartrightfd@meetup.com,Female,Podcat,227.238.14.164,2021/02/02
555,Carr,Glandfield,cglandfieldfe@cnbc.com,Female,Mynte,198.184.8.61,2020/07/28
556,Carlye,Ellsworthe,cellswortheff@opensource.org,Male,Flashdog,225.133.211.192,2020/03/01
557,Sebastiano,Puckrin,spuckrinfg@acquirethisname.com,Female,Mita,12.146.234.154,2020/05/18
558,Carole,Matasov,cmatasovfh@google.it,Female,Meemm,145.41.66.140,2020/03/08
559,Shannah,Cotterill,scotterillfi@phoca.cz,Male,Tanoodle,209.19.169.106,2020/09/20
560,Joelly,Vanyukov,jvanyukovfj@twitter.com,Male,Browsezoom,33.63.50.62,2020/09/05
561,Elysee,Dunkerly,edunkerlyfk@goodreads.com,Male,Gabcube,93.239.66.23,2021/02/02
562,Emelia,Lipprose,elipprosefl@foxnews.com,Female,Jetwire,75.160.241.100,2020/06/28
563,Nester,Navaro,nnavarofm@unesco.org,Female,Jazzy,113.115.79.152,2020/11/24
564,Toddie,Skirling,tskirlingfn@phpbb.com,Male,Jabberbean,68.166.226.147,2020/03/19
565,Lanette,Keer,lkeerfo@cpanel.net,Male,Brainbox,67.132.66.92,2020/07/24
566,Evvy,Donaghie,edonaghiefp@imdb.com,Male,Fliptune,38.75.32.14,2020/06/04
567,Taber,Prandoni,tprandonifq@mapquest.com,Female,Yadel,42.52.243.191,2020/09/01
568,Benetta,Worshall,bworshallfr@sciencedaily.com,Male,Yozio,125.203.210.61,2020/09/19
569,Clemens,McCarrell,cmccarrellfs@purevolume.com,Female,Kamba,199.224.7.139,2020/09/14
570,Pandora,Yegorkov,pyegorkovft@dropbox.com,Male,Voomm,79.169.15.243,2020/06/15
571,Dionysus,Villaron,dvillaronfu@army.mil,Female,Thoughtsphere,215.184.160.18,2020/12/28
572,Damiano,Trevain,dtrevainfv@t-online.de,Male,Topicshots,4.202.203.51,2020/07/23
573,Corny,Elgood,celgoodfw@squidoo.com,Female,Mybuzz,204.149.173.212,2020/10/23
574,Artair,Hearson,ahearsonfx@jugem.jp,Male,Youspan,216.152.116.38,2021/02/07
575,Morena,Bowhey,mbowheyfy@mozilla.com,Female,Twitterbridge,47.18.239.224,2020/05/07
576,Marrissa,Lanyon,mlanyonfz@google.de,Female,Divanoodle,110.234.161.50,2020/11/18
577,Matti,Empson,mempsong0@artisteer.com,Male,Aimbu,239.89.236.140,2020/06/25
578,Bobbie,Kennard,bkennardg1@newsvine.com,Female,Katz,69.19.130.238,2020/11/24
579,Mirna,Grinikhinov,mgrinikhinovg2@delicious.com,Male,Brainverse,182.70.215.30,2020/03/27
580,Ailsun,Skyme,askymeg3@cpanel.net,Male,Realblab,34.168.174.202,2021/01/13
581,Viv,Dawidowsky,vdawidowskyg4@fema.gov,Female,Eidel,182.61.100.171,2020/08/21
582,Cecil,Gjerde,cgjerdeg5@chicagotribune.com,Male,Browsezoom,69.36.212.2,2020/10/26
583,Kenton,Flaune,kflauneg6@cdbaby.com,Female,Layo,31.106.26.196,2020/07/07
584,Dillie,Balle,dballeg7@nifty.com,Male,Ozu,235.150.39.33,2020/07/31
585,Broderic,Grinval,bgrinvalg8@jiathis.com,Male,,28.177.37.153,2020/10/20
586,Fons,O'Heffernan,foheffernang9@auda.org.au,Male,Skidoo,200.158.111.136,2021/02/24
587,Bevvy,Weedon,bweedonga@studiopress.com,Male,Babblestorm,67.172.241.188,2020/08/19
588,Stu,Bahde,sbahdegb@hugedomains.com,Male,Eamia,167.193.182.230,2020/06/07
589,Any,Hofner,ahofnergc@dmoz.org,Male,Roomm,128.103.86.75,2020/09/06
590,Judye,Gilchriest,jgilchriestgd@pbs.org,Female,Meezzy,65.158.219.183,2020/11/01
591,Rozalie,Hitchens,rhitchensge@wisc.edu,Female,Mybuzz,22.214.159.250,2020/05/31
592,Ivonne,Shill,ishillgf@guardian.co.uk,Female,Livetube,33.186.56.110,2020/05/31
593,Darby,Battson,dbattsongg@aol.com,Female,Youfeed,57.32.143.210,2020/08/17
594,Tannie,Peealess,tpeealessgh@ucsd.edu,Female,Youopia,138.100.165.216,2020/10/09
595,Murvyn,Crevy,mcrevygi@liveinternet.ru,Female,Muxo,180.157.205.156,2020/05/19
596,Vite,Gadsdon,vgadsdongj@goodreads.com,Male,JumpXS,206.101.73.3,2021/01/02
597,Hardy,Laity,hlaitygk@surveymonkey.com,Male,Skimia,195.88.78.22,2020/03/06
598,Lewes,Bellie,lbelliegl@accuweather.com,Male,Rooxo,13.211.142.161,2021/01/28
599,Tierney,Pleming,tpleminggm@wix.com,Female,Skibox,215.185.141.1,2020/11/12
600,Alyosha,Spencley,aspencleygn@joomla.org,Male,Youspan,240.135.112.167,2020/11/15
601,Marin,Giraldon,mgiraldongo@people.com.cn,Male,Twitterlist,182.162.250.6,2020/10/04
602,Abramo,Johnikin,ajohnikingp@mapy.cz,Male,Oyope,107.38.224.176,2020/04/21
603,Ilka,Peterkin,ipeterkingq@shutterfly.com,Male,Omba,179.253.242.205,2020/07/12
604,Adair,Salamon,asalamongr@phpbb.com,Male,Twinte,74.239.254.195,2020/03/07
605,Amos,Benedtti,abenedttigs@over-blog.com,Male,Skinder,46.175.0.29,2020/05/29
606,Avery,Ramsbotham,aramsbothamgt@vimeo.com,Female,Bluezoom,172.91.223.172,2020/09/24
607,Elladine,Spaight,espaightgu@answers.com,Female,Twiyo,162.96.179.23,2021/02/10
608,Benyamin,Growcock,bgrowcockgv@dion.ne.jp,Female,Realfire,57.208.137.224,2020/12/08
609,Phillip,Boshier,pboshiergw@shop-pro.jp,Female,Twinte,83.39.35.117,2021/02/05
610,Zane,McAreavey,zmcareaveygx@domainmarket.com,Male,Topicware,96.113.31.221,2020/08/12
611,Nickolai,Fletham,nflethamgy@behance.net,Male,Jaxbean,227.150.139.120,2020/12/30
612,Keslie,Ainsworth,kainsworthgz@ox.ac.uk,Female,Jayo,51.46.240.253,2020/11/01
613,Karmen,Attenborrow,kattenborrowh0@purevolume.com,Male,Mynte,223.84.204.24,2020/05/19
614,Harp,Gotling,hgotlingh1@qq.com,Male,Jayo,54.160.87.104,2021/02/19
615,Sabina,Chiddy,schiddyh2@uiuc.edu,Male,Zoomdog,95.198.114.82,2021/01/13
616,Ingar,Goggins,igogginsh3@cafepress.com,Female,Dabjam,49.171.75.53,2020/04/01
617,Charlean,Dowse,cdowseh4@patch.com,Female,Gabvine,25.73.83.197,2021/02/13
618,Katusha,Sebright,ksebrighth5@upenn.edu,Female,Zooveo,181.180.108.182,2020/09/21
619,Law,Dallin,ldallinh6@macromedia.com,Male,Flipbug,32.225.130.55,2020/04/19
620,Babara,Toffoletto,btoffolettoh7@wiley.com,Male,,8.125.146.31,2020/09/25
621,Billye,Addeycott,baddeycotth8@opensource.org,Female,Kaymbo,209.127.217.155,2020/04/20
622,Gael,Wellfare,gwellfareh9@squidoo.com,Female,Twitternation,69.59.86.188,2020/04/20
623,Lacee,Pudge,lpudgeha@photobucket.com,Male,Janyx,187.69.136.193,2020/04/24
624,Uta,Suttaby,usuttabyhb@reference.com,Male,Avamba,24.169.175.166,2020/11/13
625,Bram,Seman,bsemanhc@mit.edu,Female,Riffwire,86.200.19.94,2021/02/26
626,Teresa,Kerrey,tkerreyhd@census.gov,Male,Yabox,82.211.221.52,2020/06/20
627,Gaven,Kubala,gkubalahe@live.com,Male,Thoughtworks,142.10.236.153,2020/12/09
628,Ingram,Espinal,iespinalhf@list-manage.com,Female,Youopia,152.232.151.55,2020/12/11
629,Albina,Audus,aaudushg@typepad.com,Female,Fivebridge,109.190.31.11,2020/05/01
630,Dorolisa,Penhall,dpenhallhh@google.com,Female,Katz,215.24.126.167,2020/05/21
631,Eudora,Derby,ederbyhi@miitbeian.gov.cn,Female,Avavee,192.180.255.141,2020/12/05
632,Yalonda,Astupenas,yastupenashj@usgs.gov,Female,Browsecat,89.151.219.183,2020/04/08
633,Jermayne,Hartly,jhartlyhk@jugem.jp,Male,Riffpath,134.94.207.34,2020/03/10
634,Ashla,Alessandone,aalessandonehl@washington.edu,Male,Camimbo,23.152.151.243,2020/11/08
635,Humfried,Goodnow,hgoodnowhm@devhub.com,Female,Edgeify,206.230.142.86,2020/11/05
636,Hamnet,Hof,hhofhn@stanford.edu,Male,Dynabox,79.145.64.176,2021/01/04
637,Yolande,Farryan,yfarryanho@cargocollective.com,Male,Aivee,241.143.229.57,2020/10/23
638,Ulysses,Shatliff,ushatliffhp@bizjournals.com,Male,Twimbo,216.210.151.211,2020/08/02
639,Rusty,Lawrey,rlawreyhq@jimdo.com,Female,Thoughtbridge,238.175.214.28,2020/03/07
640,Sara,Wybern,swybernhr@google.pl,Female,Omba,251.142.67.228,2020/10/13
641,Clemmie,McCarl,cmccarlhs@mit.edu,Female,Quinu,69.126.93.44,2021/02/23
642,Abe,Arderne,aarderneht@xrea.com,Male,Feedspan,57.97.249.182,2020/07/08
643,Filia,Rippingall,frippingallhu@ft.com,Male,Flashset,54.21.221.194,2020/10/21
644,Ashli,Gillian,agillianhv@behance.net,Female,Jetwire,15.68.146.171,2020/03/25
645,Rora,Jarritt,rjarritthw@wired.com,Female,Edgeblab,235.5.255.229,2020/09/08
646,Sherm,Coward,scowardhx@ftc.gov,Male,Yambee,189.201.238.68,2020/10/30
647,Yank,Rudland,yrudlandhy@cdc.gov,Male,Buzzdog,207.44.100.131,2020/11/26
648,Simona,Scamel,sscamelhz@xinhuanet.com,Female,Blognation,88.53.205.139,2020/08/17
649,Nadeen,Thoma,nthomai0@prweb.com,Male,Kwilith,106.232.141.185,2020/11/09
650,Daveen,Sammut,dsammuti1@wufoo.com,Female,Mudo,46.238.128.162,2020/05/12
651,Michale,McGann,mmcganni2@instagram.com,Male,Kayveo,217.149.101.117,2020/10/27
652,Hussein,Ventam,hventami3@ocn.ne.jp,Female,Jaxbean,176.150.252.107,2020/09/15
653,Witty,Rudolfer,wrudolferi4@theglobeandmail.com,Female,,14.151.157.243,2020/06/07
654,Cordie,Chaff,cchaffi5@typepad.com,Male,Photobean,158.89.93.152,2021/02/16
655,Franzen,Hamblington,fhamblingtoni6@goodreads.com,Male,Vinte,102.225.131.200,2020/06/08
656,Tiphani,Spivie,tspiviei7@purevolume.com,Male,Viva,75.157.198.62,2020/10/16
657,Flem,Abbes,fabbesi8@mtv.com,Female,Mydo,119.187.40.173,2020/03/01
658,Corinne,Luis,cluisi9@bandcamp.com,Male,Oyoyo,23.34.52.223,2020/03/27
659,Nappy,Swayne,nswayneia@networkadvertising.org,Male,Meejo,202.232.139.158,2020/12/20
660,Corey,Ruffy,cruffyib@prweb.com,Female,Jabbercube,208.236.138.239,2020/10/11
661,Blayne,McHaffy,bmchaffyic@trellian.com,Female,Eazzy,222.194.207.177,2021/02/23
662,Sascha,Gallienne,sgallienneid@google.es,Female,Skyble,134.23.180.251,2020/06/12
663,Aili,Rapley,arapleyie@cpanel.net,Female,Skippad,67.177.98.78,2021/02/10
664,Dusty,Ortmann,dortmannif@flavors.me,Male,Edgeify,108.165.125.148,2020/06/30
665,Rosa,Calderhead,rcalderheadig@technorati.com,Male,Flipopia,184.3.158.33,2021/01/02
666,Harold,Kinsley,hkinsleyih@google.co.uk,Female,Quimba,212.49.52.161,2020/09/14
667,Cherilyn,Gudde,cguddeii@webs.com,Female,Dabfeed,63.55.234.245,2021/01/18
668,Sada,Calcutt,scalcuttij@dion.ne.jp,Female,Yata,41.140.186.163,2021/01/07
669,Stavro,Stile,sstileik@phpbb.com,Female,Skipstorm,255.170.119.76,2020/10/21
670,Efren,Abramowsky,eabramowskyil@state.gov,Female,Fanoodle,176.16.73.135,2020/09/10
671,Elfreda,Haye,ehayeim@etsy.com,Male,Vidoo,35.74.122.133,2020/03/16
672,Ariela,McKeachie,amckeachiein@economist.com,Male,Eadel,162.13.7.169,2020/03/14
673,Maire,Tapsfield,mtapsfieldio@vimeo.com,Male,Aimbo,235.36.84.34,2020/11/01
674,Arnaldo,Durbridge,adurbridgeip@wordpress.com,Female,Jabbersphere,155.213.205.143,2020/08/03
675,Con,Auchinleck,cauchinleckiq@t.co,Female,Katz,150.12.117.35,2020/10/18
676,Theo,Brocklebank,tbrocklebankir@google.fr,Female,Realcube,173.162.132.148,2021/01/11
677,Tammy,Merveille,tmerveilleis@mozilla.com,Male,,175.176.212.233,2020/05/14
678,Astrix,Owenson,aowensonit@a8.net,Male,Mycat,242.68.119.158,2020/11/11
679,Elli,Hamlyn,ehamlyniu@psu.edu,Female,Wikizz,193.115.204.132,2020/11/08
680,Cherish,Perse,cperseiv@pcworld.com,Male,Youopia,241.18.155.42,2020/04/10
681,Freeman,Frank,ffrankiw@multiply.com,Male,Browsetype,2.241.243.131,2020/05/01
682,Jaquith,Greatorex,jgreatorexix@hc360.com,Female,Plambee,77.109.230.255,2020/05/30
683,Christye,Duckitt,cduckittiy@flavors.me,Male,Mydeo,162.15.226.53,2021/02/17
684,Darbee,Hackleton,dhackletoniz@phpbb.com,Female,Pixope,16.16.126.153,2020/04/08
685,Curtice,Dominik,cdominikj0@cocolog-nifty.com,Male,,251.14.120.86,2020/08/23
686,Jayme,Grinaway,jgrinawayj1@taobao.com,Female,Zoomcast,100.166.180.147,2020/12/21
687,Jeanelle,Conkey,jconkeyj2@wsj.com,Female,Thoughtbridge,40.66.47.239,2020/12/20
688,Evangelia,Matoshin,ematoshinj3@imdb.com,Female,Skyble,26.210.212.13,2020/04/07
689,Sigmund,Dominiak,sdominiakj4@etsy.com,Female,Jayo,188.141.49.86,2020/10/29
690,Orsola,Egdal,oegdalj5@gov.uk,Male,Geba,208.42.180.8,2020/12/22
691,Babara,Sentinella,bsentinellaj6@mozilla.org,Male,InnoZ,130.149.174.186,2020/03/23
692,Stewart,Farnall,sfarnallj7@paginegialle.it,Female,Npath,56.137.155.50,2020/12/05
693,Janice,Winckles,jwincklesj8@nytimes.com,Female,Wordtune,153.247.185.127,2020/07/18
694,Aveline,Von Salzberg,avonsalzbergj9@msu.edu,Male,Rhycero,27.30.80.69,2020/09/04
695,Corella,McPhelim,cmcphelimja@blogspot.com,Female,Browseblab,70.153.233.108,2020/11/27
696,Sholom,Lindback,slindbackjb@skype.com,Female,Topicware,162.172.8.140,2020/03/06
697,Tucky,Regan,treganjc@zdnet.com,Male,Realcube,34.238.108.183,2020/11/24
698,Neddy,Tuxill,ntuxilljd@icio.us,Female,Dablist,45.15.75.43,2020/12/04
699,Griswold,Povlsen,gpovlsenje@netvibes.com,Male,Zooveo,182.230.120.132,2020/11/24
700,Sibel,Jedrzejczyk,sjedrzejczykjf@ycombinator.com,Male,Oozz,6.203.213.10,2020/06/29
701,Augustine,Oades,aoadesjg@joomla.org,Male,Trilith,74.227.161.177,2021/01/07
702,Catarina,Trigwell,ctrigwelljh@cbc.ca,Female,Zazio,151.131.166.218,2020/11/11
703,Geno,Worshall,gworshallji@guardian.co.uk,Female,Latz,72.106.105.169,2020/11/07
704,Olympie,Bridson,obridsonjj@edublogs.org,Female,Twitterwire,243.167.207.38,2021/02/23
705,Lynda,Sandall,lsandalljk@wired.com,Male,Blogpad,12.247.35.76,2021/01/19
706,Ryon,Micheu,rmicheujl@tinypic.com,Female,Leexo,61.201.164.14,2020/04/13
707,Aleksandr,Merrywether,amerrywetherjm@exblog.jp,Male,Browsedrive,123.218.167.128,2021/01/13
708,Jany,Dalglish,jdalglishjn@cbslocal.com,Female,Avamba,179.79.103.250,2020/03/03
709,Mady,Domanski,mdomanskijo@noaa.gov,Male,Jabbersphere,82.194.132.214,2020/07/05
710,Mallorie,Algeo,malgeojp@businessweek.com,Male,Eazzy,120.4.235.253,2020/10/04
711,Salaidh,Souness,ssounessjq@networksolutions.com,Male,Snaptags,122.0.196.91,2021/01/05
712,Julee,MacGilfoyle,jmacgilfoylejr@japanpost.jp,Female,Kayveo,231.252.201.61,2020/12/04
713,Rosalyn,Devita,rdevitajs@buzzfeed.com,Female,Skajo,238.65.36.218,2020/09/19
714,Stacee,Bradtke,sbradtkejt@fda.gov,Male,Abatz,86.66.156.137,2021/01/02
715,Papagena,Deverill,pdeverillju@squidoo.com,Female,Meedoo,105.200.39.29,2020/12/29
716,Steffie,Maberley,smaberleyjv@google.com.hk,Female,Aivee,49.134.244.124,2020/12/20
717,Stefano,Linkie,slinkiejw@cbslocal.com,Male,Skyba,59.52.154.100,2020/09/19
718,Kate,Simpkins,ksimpkinsjx@simplemachines.org,Male,Kimia,134.128.14.153,2021/01/16
719,Lainey,Von Der Empten,lvonderemptenjy@cdbaby.com,Male,Youopia,90.124.149.133,2020/06/08
720,Corrianne,Paslow,cpaslowjz@mlb.com,Female,Linkbuzz,76.192.134.46,2020/06/13
721,Jillane,Isacq,jisacqk0@ebay.co.uk,Female,Skyvu,245.213.173.38,2020/05/03
722,Nat,Holywell,nholywellk1@berkeley.edu,Male,Flashdog,176.88.75.117,2020/12/05
723,Merilee,Brotherhead,mbrotherheadk2@live.com,Male,Blogtag,170.147.205.205,2021/01/17
724,Hardy,Ozelton,hozeltonk3@cnbc.com,Male,Oozz,90.119.9.166,2020/09/02
725,Giulio,Wilby,gwilbyk4@odnoklassniki.ru,Female,Gigazoom,102.92.107.252,2020/05/09
726,Lynnett,Ballance,lballancek5@t-online.de,Female,Twitternation,37.2.203.229,2020/10/15
727,Ashli,Mogenot,amogenotk6@noaa.gov,Female,Lazz,55.132.158.65,2021/02/18
728,Cece,Volette,cvolettek7@forbes.com,Male,Realmix,104.18.160.49,2020/03/25
729,Gabie,Bealton,gbealtonk8@tripod.com,Male,Camido,137.185.62.178,2020/04/09
730,Gustav,Gallehawk,ggallehawkk9@opera.com,Male,Voomm,248.201.148.178,2021/02/05
731,Adelind,Wynrahame,awynrahameka@sun.com,Female,Wikizz,49.227.224.20,2021/01/03
732,Bard,Offer,bofferkb@de.vu,Male,,124.101.118.40,2020/04/23
733,Janos,Crellin,jcrellinkc@flickr.com,Female,Tazzy,195.118.101.100,2020/03/30
734,Editha,Forsyth,eforsythkd@hp.com,Female,Voonte,217.85.183.242,2020/11/30
735,Merrili,Aucott,maucottke@whitehouse.gov,Male,Roombo,143.149.192.43,2020/07/04
736,Perren,Conen,pconenkf@homestead.com,Male,Jaxspan,181.29.24.127,2020/09/10
737,Hersch,Tidmarsh,htidmarshkg@hibu.com,Male,Tagcat,142.204.121.231,2020/07/21
738,Melvyn,Pennazzi,mpennazzikh@blogtalkradio.com,Male,Eabox,159.116.149.208,2020/08/08
739,Gaile,Jinkin,gjinkinki@uiuc.edu,Female,Flipbug,172.60.142.231,2020/12/27
740,Krystle,Feldklein,kfeldkleinkj@yelp.com,Female,Blogspan,93.1.255.227,2020/03/10
741,Doralyn,Goodbar,dgoodbarkk@wikipedia.org,Male,,27.240.25.248,2020/11/01
742,Leshia,Fairhead,lfairheadkl@friendfeed.com,Female,Flashspan,42.115.59.103,2020/11/17
743,Benedikta,Hyams,bhyamskm@howstuffworks.com,Female,Skipstorm,22.255.9.109,2020/11/12
744,Raymund,Sneesby,rsneesbykn@mapy.cz,Male,Jaxworks,160.32.0.34,2020/04/07
745,Trey,MacAdie,tmacadieko@slashdot.org,Female,Jaxworks,203.48.173.230,2020/11/23
746,Fiann,Fewell,ffewellkp@google.co.jp,Female,Oyope,119.158.10.216,2020/06/04
747,Matteo,Arnecke,marneckekq@goo.ne.jp,Male,Eadel,7.193.111.160,2020/10/25
748,Antonie,Roscamps,aroscampskr@nih.gov,Male,Einti,238.97.196.17,2021/02/20
749,Barny,Lineham,blinehamks@elegantthemes.com,Female,Jabbersphere,44.50.6.146,2020/11/06
750,Ody,Norres,onorreskt@senate.gov,Female,Meezzy,198.213.71.48,2021/01/02
751,Babbette,Knowling,bknowlingku@gov.uk,Female,Yata,168.69.4.113,2020/02/29
752,Kaela,Isack,kisackkv@nasa.gov,Male,Youopia,163.86.191.165,2020/10/30
753,Rock,Aldie,raldiekw@shop-pro.jp,Female,Skyba,23.252.213.54,2020/06/22
754,Ingra,Klarzynski,iklarzynskikx@statcounter.com,Female,Trunyx,75.133.57.232,2020/03/12
755,Tailor,Briddock,tbriddockky@skyrock.com,Female,Fivebridge,168.172.82.177,2020/12/29
756,Fanni,Blencoe,fblencoekz@mysql.com,Female,Tazz,169.143.101.239,2020/05/08
757,Aldrich,Jizhaki,ajizhakil0@storify.com,Female,Edgetag,106.200.10.63,2020/08/19
758,Georgina,Minihan,gminihanl1@globo.com,Female,Layo,119.135.124.96,2020/04/19
759,Bonnibelle,Graeber,bgraeberl2@wired.com,Female,Gigazoom,152.104.180.147,2020/05/27
760,Gilbertina,Buchanan,gbuchananl3@samsung.com,Female,Yambee,3.207.251.173,2020/07/23
761,Nate,Jemmison,njemmisonl4@networkadvertising.org,Male,,221.13.40.39,2020/05/07
762,Carry,Davydychev,cdavydychevl5@cbsnews.com,Male,Yata,46.126.116.125,2020/07/15
763,Robin,Cordobes,rcordobesl6@topsy.com,Male,Livepath,105.248.225.7,2020/08/10
764,Allan,Pepye,apepyel7@nasa.gov,Female,Browsetype,223.109.30.216,2020/08/05
765,Corbet,Ginnelly,cginnellyl8@4shared.com,Male,Wikido,218.64.123.62,2020/12/11
766,Raphaela,Harragin,rharraginl9@mayoclinic.com,Male,,147.211.215.157,2021/01/28
767,Jamey,Pachta,jpachtala@wikimedia.org,Male,Twimm,13.167.77.149,2020/12/11
768,Anastasia,Luckey,aluckeylb@google.com.br,Male,Chatterbridge,77.215.204.4,2021/02/25
769,Marwin,Poultney,mpoultneylc@harvard.edu,Female,Jabbersphere,177.197.91.235,2020/03/09
770,Gardie,Willeson,gwillesonld@surveymonkey.com,Female,Edgetag,211.75.165.130,2020/05/30
771,Rodrique,Skittrall,rskittrallle@webs.com,Male,Voomm,11.6.219.255,2020/08/11
772,Hewie,Burder,hburderlf@amazonaws.com,Female,Avamba,97.69.87.201,2021/01/18
773,Lesya,Whitear,lwhitearlg@chicagotribune.com,Female,Meeveo,135.19.184.249,2020/12/29
774,Brier,Janoschek,bjanoscheklh@dagondesign.com,Female,JumpXS,185.255.64.47,2021/01/07
775,Shepherd,Fullagar,sfullagarli@usatoday.com,Female,Rooxo,82.208.25.109,2020/09/27
776,Bonni,Polini,bpolinilj@gnu.org,Male,Twimm,125.41.132.121,2020/10/01
777,Kaitlyn,Kensington,kkensingtonlk@studiopress.com,Female,Devbug,214.115.153.128,2020/09/17
778,Sinclare,Pescott,spescottll@amazon.de,Female,Mymm,215.147.86.132,2020/04/05
779,Vasily,Faragan,vfaraganlm@cisco.com,Female,Rhyloo,207.184.225.200,2020/09/03
780,Colline,O'Cridigan,cocridiganln@elegantthemes.com,Male,Quamba,178.16.249.196,2020/08/25
781,Jaquenetta,Cianni,jciannilo@fema.gov,Male,Topdrive,94.19.15.193,2020/05/09
782,Zaccaria,Learmount,zlearmountlp@mtv.com,Male,InnoZ,57.89.234.139,2020/09/28
783,Louie,Cawthorn,lcawthornlq@google.ca,Female,Thoughtbridge,19.204.29.185,2021/01/06
784,Kamillah,Cookson,kcooksonlr@senate.gov,Female,Jetwire,134.167.49.130,2020/09/18
785,Cheryl,Torrese,ctorresels@a8.net,Female,Abata,44.115.198.171,2020/04/11
786,Siusan,Kunze,skunzelt@chronoengine.com,Male,Devpoint,7.201.131.13,2020/06/20
787,Pet,Sail,psaillu@exblog.jp,Female,Quamba,119.43.76.62,2020/07/01
788,Adamo,Lauks,alaukslv@facebook.com,Male,Buzzdog,2.37.101.133,2020/04/22
789,Bess,Scouse,bscouselw@nasa.gov,Male,Feedfish,247.130.176.217,2020/08/04
790,Kevan,Harrill,kharrilllx@twitpic.com,Female,Voonder,151.96.190.55,2020/07/25
791,Aggie,Kedge,akedgely@fastcompany.com,Female,,202.54.171.53,2020/08/02
792,Drugi,Alexsandrov,dalexsandrovlz@bizjournals.com,Female,Vimbo,36.155.90.249,2020/11/29
793,Carly,Creed,ccreedm0@va.gov,Male,Centimia,196.103.179.81,2020/11/03
794,Viole,Besantie,vbesantiem1@uol.com.br,Female,InnoZ,163.207.16.160,2020/06/21
795,Kitti,Beals,kbealsm2@mac.com,Male,Jaxworks,50.1.36.252,2021/02/20
796,Rodolph,Dale,rdalem3@ox.ac.uk,Female,Minyx,100.98.109.12,2020/07/29
797,Debor,Godsafe,dgodsafem4@xing.com,Female,,169.99.158.178,2021/01/21
798,Chase,McNeilly,cmcneillym5@bigcartel.com,Male,Devpulse,109.147.233.171,2020/07/27
799,Miof mela,Ceyssen,mceyssenm6@histats.com,Male,Trudeo,18.190.20.197,2020/12/26
800,Rochelle,Cuncarr,rcuncarrm7@ustream.tv,Female,Vidoo,179.13.230.58,2020/03/07
801,Leroy,Losty,llostym8@twitpic.com,Female,Einti,205.162.122.217,2020/11/30
802,Cull,Graveney,cgraveneym9@canalblog.com,Female,Tambee,28.164.31.83,2020/07/30
803,Osbourne,MacIlory,omaciloryma@google.pl,Female,Kwinu,178.181.235.163,2020/07/13
804,Debra,McAllen,dmcallenmb@prweb.com,Male,Demivee,227.227.61.66,2020/04/24
805,Lonnie,Grubey,lgrubeymc@godaddy.com,Female,Feedspan,175.102.50.119,2020/04/17
806,Hazlett,Olechnowicz,holechnowiczmd@joomla.org,Female,Photobug,67.215.40.178,2020/04/25
807,Viola,Vairow,vvairowme@ocn.ne.jp,Male,Npath,118.227.69.213,2020/07/15
808,Arny,Stanway,astanwaymf@disqus.com,Male,Trilia,125.91.254.145,2020/09/03
809,Marika,Eustace,meustacemg@ocn.ne.jp,Female,Roomm,240.180.91.172,2020/12/06
810,Lorenzo,Gallandre,lgallandremh@weibo.com,Female,Plambee,30.146.253.161,2020/06/25
811,Tessa,Lerwell,tlerwellmi@yellowbook.com,Female,,204.234.23.115,2021/02/12
812,Bryan,Stang-Gjertsen,bstanggjertsenmj@github.io,Female,Aimbo,95.80.3.62,2020/05/03
813,Aubree,Chastan,achastanmk@jigsy.com,Male,Skajo,8.249.228.246,2020/12/23
814,Fawn,Unwin,funwinml@fema.gov,Male,Agivu,6.96.236.61,2020/04/25
815,Teddi,Bloys,tbloysmm@freewebs.com,Male,Yabox,218.240.249.162,2020/08/12
816,Waldo,Carnachen,wcarnachenmn@domainmarket.com,Female,Skyvu,105.74.164.164,2020/06/10
817,Kipp,Whates,kwhatesmo@yelp.com,Male,Divape,218.35.0.218,2020/10/27
818,Delilah,Mc Gorley,dmcgorleymp@mit.edu,Male,Meembee,78.101.171.191,2020/04/27
819,Jerri,Ruseworth,jruseworthmq@baidu.com,Male,Buzzdog,159.216.226.48,2020/11/30
820,Cliff,Gilligan,cgilliganmr@go.com,Female,Skynoodle,237.87.40.195,2020/06/15
821,Lowe,Elvish,lelvishms@theatlantic.com,Male,Babbleset,194.46.59.183,2020/07/13
822,Emilia,Liggens,eliggensmt@yelp.com,Female,Realmix,48.52.226.101,2020/06/24
823,Tiphany,Ziemen,tziemenmu@microsoft.com,Male,Aivee,118.158.139.128,2020/09/13
824,Gibb,Yanyshev,gyanyshevmv@scribd.com,Male,Kazio,70.162.128.21,2021/01/11
825,Mort,Hodgins,mhodginsmw@webs.com,Female,Babblestorm,232.77.8.28,2020/12/05
826,Pepito,Arne,parnemx@gravatar.com,Male,Cogidoo,177.208.199.164,2020/03/21
827,Hendrik,Daughtrey,hdaughtreymy@bloomberg.com,Female,Oyope,120.205.161.190,2020/08/02
828,Toby,Lafond,tlafondmz@desdev.cn,Male,Devify,72.222.251.92,2020/09/16
829,Julienne,Triner,jtrinern0@mozilla.com,Female,Agimba,223.14.110.249,2020/12/18
830,Delmar,Elbourn,delbournn1@hostgator.com,Male,Vipe,213.112.7.251,2020/09/23
831,Jephthah,Duxbarry,jduxbarryn2@auda.org.au,Female,Mita,0.156.68.179,2020/10/15
832,Vidovik,Gergely,vgergelyn3@desdev.cn,Female,Skinte,32.52.144.233,2020/11/12
833,Rosalie,Kissock,rkissockn4@istockphoto.com,Female,Trilith,102.94.196.87,2020/06/19
834,Gerianne,Whayman,gwhaymann5@opensource.org,Male,Zoomzone,188.77.176.202,2020/10/31
835,Gertrudis,Creffield,gcreffieldn6@shop-pro.jp,Female,Zoombeat,72.230.28.134,2020/04/02
836,Fifi,Giraldo,fgiraldon7@stanford.edu,Female,Trupe,199.78.16.93,2021/01/02
837,Aile,Sissons,asissonsn8@mozilla.com,Female,Feedspan,17.43.69.42,2021/01/10
838,Crawford,Cornuau,ccornuaun9@infoseek.co.jp,Male,Babblestorm,85.200.63.97,2020/05/17
839,Blondy,Worters,bwortersna@sciencedaily.com,Male,Devshare,109.237.185.137,2020/06/05
840,Herta,Seabourne,hseabournenb@cdbaby.com,Male,Gabtune,134.24.169.130,2020/06/20
841,Felecia,Pittam,fpittamnc@usda.gov,Male,Flashset,45.79.243.33,2020/08/16
842,Christy,Steen,csteennd@ustream.tv,Female,Snaptags,232.48.43.29,2020/07/08
843,Alisander,Medd,ameddne@cnet.com,Female,Trilia,146.21.93.8,2021/01/24
844,Reggi,Covendon,rcovendonnf@wp.com,Female,Yakijo,49.67.9.57,2020/09/07
845,Kristen,Merwede,kmerwedeng@comcast.net,Female,Skinder,212.147.117.80,2020/05/22
846,Panchito,Albon,palbonnh@bluehost.com,Male,Janyx,211.121.92.115,2020/06/10
847,Kore,Scoyles,kscoylesni@fema.gov,Male,Dabfeed,110.76.25.73,2020/12/29
848,Byran,Oxberry,boxberrynj@theglobeandmail.com,Female,Aibox,69.230.119.216,2020/10/04
849,Minnie,Matteini,mmatteinink@technorati.com,Male,Meemm,197.112.31.219,2021/01/19
850,Gilles,Rawlyns,grawlynsnl@wordpress.com,Female,Bubblemix,173.54.10.87,2021/01/14
851,Edwin,Klawi,eklawinm@ihg.com,Female,Voonix,33.183.242.78,2020/08/26
852,Gal,Burford,gburfordnn@nih.gov,Female,Browsecat,102.134.247.17,2021/02/24
853,Ambros,Liebmann,aliebmannno@google.com.br,Female,Voolia,242.140.131.47,2021/02/04
854,Shurwood,Roxburch,sroxburchnp@usnews.com,Male,Muxo,22.84.24.18,2020/11/25
855,Elissa,Giorgeschi,egiorgeschinq@arizona.edu,Female,Eire,205.205.7.140,2020/11/30
856,Edith,Mallalieu,emallalieunr@indiegogo.com,Male,Zoonder,178.209.90.20,2020/07/07
857,Catlaina,Convery,cconveryns@patch.com,Male,Oozz,118.184.17.185,2020/08/25
858,Bertina,Grayham,bgrayhamnt@cpanel.net,Male,Gigashots,122.171.48.40,2020/08/29
859,Ketty,Espinheira,kespinheiranu@state.tx.us,Male,Realblab,118.188.53.178,2020/08/16
860,Cicily,Humphris,chumphrisnv@java.com,Male,Jatri,188.155.198.81,2020/08/21
861,Nevins,Adds,naddsnw@a8.net,Female,Quinu,39.205.193.95,2021/02/22
862,Mariel,Costigan,mcostigannx@seattletimes.com,Male,Youspan,82.36.150.106,2020/12/19
863,Claybourne,Legan,cleganny@tamu.edu,Male,Divanoodle,200.26.99.125,2020/06/23
864,Casie,Mort,cmortnz@guardian.co.uk,Male,Buzzdog,241.235.113.120,2020/11/21
865,Aguste,Climpson,aclimpsono0@reference.com,Female,Gigazoom,231.54.15.128,2020/04/26
866,Emanuel,Beggio,ebeggioo1@slideshare.net,Female,Oloo,241.132.76.224,2020/11/11
867,Vina,Bunworth,vbunwortho2@paginegialle.it,Male,Centizu,27.44.224.177,2020/12/11
868,Brooks,Alebrooke,balebrookeo3@hibu.com,Female,,153.117.91.203,2020/12/11
869,Hans,Cahan,hcahano4@e-recht24.de,Male,Jamia,102.147.171.96,2020/06/10
870,Ulrikaumeko,Mersey,umerseyo5@technorati.com,Male,Quinu,75.129.100.87,2020/06/12
871,Barclay,Tyers,btyerso6@apache.org,Female,Realcube,179.16.34.161,2021/01/11
872,Teddi,Weld,tweldo7@buzzfeed.com,Female,Jaxbean,28.72.12.46,2020/12/05
873,Venita,Dyster,vdystero8@networksolutions.com,Female,Buzzster,231.180.236.243,2020/10/14
874,Kissiah,Buntain,kbuntaino9@mapy.cz,Male,Oozz,97.229.48.238,2020/12/27
875,Tom,Feldmesser,tfeldmesseroa@stumbleupon.com,Female,Rhynoodle,188.234.170.44,2020/09/19
876,Rafaelita,Tomkies,rtomkiesob@biglobe.ne.jp,Female,Demimbu,30.237.231.188,2020/08/05
877,Denys,Sawer,dsaweroc@goo.ne.jp,Female,Kanoodle,13.2.27.108,2020/09/10
878,Abraham,Zienkiewicz,azienkiewiczod@upenn.edu,Female,Skipstorm,239.253.19.54,2020/11/28
879,Baillie,Pyford,bpyfordoe@godaddy.com,Male,Edgetag,45.144.54.162,2020/12/05
880,Hedwiga,Brickell,hbrickellof@shareasale.com,Male,Oloo,172.164.217.206,2020/08/04
881,Winnie,Farny,wfarnyog@webs.com,Female,Thoughtblab,162.35.206.125,2021/02/16
882,Darby,Heinert,dheinertoh@ehow.com,Male,Janyx,251.234.51.240,2020/10/21
883,Allene,Hughlin,ahughlinoi@flickr.com,Female,Divape,65.180.42.94,2020/10/11
884,Dory,Ruddiman,druddimanoj@auda.org.au,Male,Skaboo,183.134.10.228,2020/06/13
885,Helyn,Burdytt,hburdyttok@webmd.com,Female,Gabtune,10.141.58.217,2020/06/07
886,Niko,Cornthwaite,ncornthwaiteol@goodreads.com,Male,Youfeed,37.114.156.194,2021/01/14
887,Sharlene,Wynrahame,swynrahameom@smh.com.au,Female,Dabshots,173.242.88.2,2020/04/13
888,Jess,Beddoe,jbeddoeon@is.gd,Female,Edgeify,40.99.106.242,2020/07/04
889,Winonah,Tetlow,wtetlowoo@nytimes.com,Male,Youbridge,220.53.93.174,2021/01/30
890,Jasmina,Hawson,jhawsonop@va.gov,Male,Devpulse,48.166.81.231,2020/03/29
891,Kingsley,Christofe,kchristofeoq@xing.com,Female,Demivee,6.116.126.149,2020/08/19
892,Elsi,Bownass,ebownassor@accuweather.com,Female,Tagchat,117.112.252.46,2021/02/16
893,Diane,Paszak,dpaszakos@about.com,Female,Blogtag,131.145.242.175,2020/09/26
894,Fons,Tuckie,ftuckieot@dailymotion.com,Male,Thoughtstorm,216.92.185.199,2020/09/03
895,Felecia,Makin,fmakinou@ehow.com,Female,Wikivu,23.157.70.69,2020/05/03
896,Stephen,Nipper,snipperov@angelfire.com,Female,Cogidoo,189.105.11.201,2020/11/03
897,Joachim,Thoms,jthomsow@sciencedaily.com,Male,Zooveo,199.135.79.166,2020/02/28
898,Kippy,Chastney,kchastneyox@archive.org,Female,Voomm,149.139.18.183,2020/08/21
899,Batsheva,Pittam,bpittamoy@tinyurl.com,Female,Aimbo,125.90.79.125,2020/12/05
900,Ashil,Mesant,amesantoz@e-recht24.de,Male,Jetwire,39.161.254.228,2020/06/12
901,Hortensia,Pettengell,hpettengellp0@bloglines.com,Female,Youopia,79.175.211.197,2020/10/18
902,Peyter,Lomansey,plomanseyp1@ucla.edu,Female,Photobug,38.230.241.15,2020/03/19
903,Frasco,Louder,flouderp2@gnu.org,Male,Oyondu,242.137.232.134,2020/08/25
904,Sara-ann,Coggen,scoggenp3@stanford.edu,Male,Yacero,241.83.178.55,2020/07/12
905,Ardelis,Jurczyk,ajurczykp4@miitbeian.gov.cn,Female,Vitz,235.19.245.87,2020/08/23
906,Dan,Uzelli,duzellip5@pen.io,Male,Trudeo,214.120.165.155,2020/12/10
907,Layney,Caudelier,lcaudelierp6@pagesperso-orange.fr,Male,Voomm,156.186.64.63,2020/08/10
908,Anallise,Kytley,akytleyp7@reverbnation.com,Female,Buzzster,141.147.112.214,2021/02/06
909,Carissa,Tayt,ctaytp8@about.me,Female,Midel,191.117.112.168,2020/06/24
910,Orlando,Manilow,omanilowp9@ox.ac.uk,Female,Skinte,183.62.149.119,2020/03/22
911,Joly,Gladding,jgladdingpa@paypal.com,Female,Katz,55.224.81.205,2020/04/02
912,Constantia,Goodliff,cgoodliffpb@prweb.com,Female,Voonte,221.232.152.246,2020/09/16
913,Muffin,Rakestraw,mrakestrawpc@hc360.com,Male,Edgeify,239.231.33.67,2020/05/21
914,Candie,Whoolehan,cwhoolehanpd@google.co.jp,Male,Youfeed,87.142.150.234,2020/10/12
915,Sybila,MacGillavery,smacgillaverype@pcworld.com,Male,Myworks,39.83.30.145,2020/04/12
916,Gerrilee,Miche,gmichepf@google.es,Female,Voonder,177.20.129.227,2020/03/05
917,Heinrik,Deex,hdeexpg@ox.ac.uk,Female,Divanoodle,145.244.129.9,2020/08/26
918,Klarika,Cockson,kcocksonph@china.com.cn,Female,,254.118.218.44,2020/04/03
919,Silva,Aves,savespi@friendfeed.com,Female,Midel,211.84.146.229,2020/12/13
920,Laurella,Sparling,lsparlingpj@paypal.com,Male,Skinder,6.200.245.83,2020/09/08
921,Tammy,Ridwood,tridwoodpk@sfgate.com,Male,Oloo,35.164.73.40,2020/11/29
922,Ronald,Digginson,rdigginsonpl@unesco.org,Male,Buzzster,235.101.95.96,2020/08/10
923,Kimmy,Sandison,ksandisonpm@stumbleupon.com,Male,Zooxo,90.155.49.177,2021/02/13
924,Lisetta,Moffatt,lmoffattpn@blinklist.com,Male,Topicware,183.229.1.240,2020/11/02
925,Kessiah,Gatus,kgatuspo@vkontakte.ru,Female,Meezzy,206.73.63.240,2021/01/03
926,Abrahan,Searby,asearbypp@icio.us,Female,Meevee,145.111.179.91,2020/11/20
927,Oralla,Leming,olemingpq@sohu.com,Female,Gabvine,218.103.174.208,2020/11/17
928,Maye,Lashford,mlashfordpr@google.com.br,Male,Tavu,6.194.108.254,2020/07/17
929,Sinclair,Hardinge,shardingeps@a8.net,Female,Livepath,121.235.175.252,2020/11/08
930,Zechariah,Skahill,zskahillpt@unblog.fr,Female,Feednation,30.186.240.246,2020/05/08
931,Franky,Robuchon,frobuchonpu@simplemachines.org,Male,InnoZ,72.165.161.67,2020/06/06
932,Stephanus,Russen,srussenpv@pcworld.com,Female,Photobug,206.247.169.201,2020/11/29
933,Shaun,Brambell,sbrambellpw@nature.com,Male,Rhycero,243.243.70.108,2020/09/18
934,Alli,Disman,adismanpx@php.net,Male,Jabbercube,226.217.142.49,2021/02/07
935,Kelsi,Perell,kperellpy@vinaora.com,Female,Brainverse,100.140.119.188,2020/11/11
936,Brigid,Cuss,bcusspz@mysql.com,Female,Ooba,227.248.159.150,2020/06/08
937,Skippy,Vineall,svineallq0@netscape.com,Male,Realblab,253.226.81.37,2020/04/18
938,Terrel,Cyples,tcyplesq1@disqus.com,Female,Edgeclub,138.188.55.200,2020/07/29
939,Vanny,Burns,vburnsq2@rediff.com,Female,Brightbean,70.107.17.1,2021/02/18
940,Barny,Lettley,blettleyq3@reverbnation.com,Male,Realbuzz,108.211.103.223,2021/01/24
941,Rick,Braun,rbraunq4@va.gov,Female,LiveZ,85.227.142.9,2020/09/06
942,Gerik,Gawthrop,ggawthropq5@mtv.com,Female,,35.25.167.157,2020/11/23
943,Edouard,Kneeshaw,ekneeshawq6@senate.gov,Male,Dabjam,93.175.73.74,2020/11/08
944,Carin,Blois,cbloisq7@themeforest.net,Female,Wikibox,86.198.133.83,2020/10/30
945,Brendin,Oakland,boaklandq8@blogger.com,Female,Jabbersphere,131.182.113.114,2020/08/31
946,Merrielle,Beat,mbeatq9@springer.com,Male,Viva,109.130.227.44,2020/05/13
947,Barbe,Bartrop,bbartropqa@nifty.com,Male,Edgepulse,148.111.178.131,2020/06/28
948,Edlin,Langdridge,elangdridgeqb@yellowbook.com,Male,Quire,214.148.83.236,2021/02/01
949,Fax,Klimschak,fklimschakqc@livejournal.com,Female,Viva,197.23.194.6,2020/07/25
950,Muffin,Bellanger,mbellangerqd@gnu.org,Female,Browsebug,122.28.156.188,2020/10/26
951,Nigel,Lanchbery,nlanchberyqe@omniture.com,Male,Mynte,65.207.10.84,2020/03/30
952,Dacia,Mathis,dmathisqf@nhs.uk,Female,Voomm,71.209.93.172,2020/03/07
953,Jamie,Muffett,jmuffettqg@people.com.cn,Male,Midel,131.79.11.203,2020/09/17
954,Madison,Holdren,mholdrenqh@theguardian.com,Female,Tagpad,242.220.244.121,2020/04/04
955,Jada,Matula,jmatulaqi@boston.com,Male,Blogpad,71.233.33.80,2020/11/10
956,Annadiane,Linneman,alinnemanqj@berkeley.edu,Female,Rhyloo,16.207.226.247,2021/01/26
957,Matilda,Sprigg,mspriggqk@sourceforge.net,Male,Eamia,214.159.82.102,2020/05/06
958,Yorgo,Morrott,ymorrottql@uiuc.edu,Male,Brainverse,201.66.52.153,2020/06/29
959,Ofelia,Varns,ovarnsqm@globo.com,Female,Bubblebox,27.155.64.191,2020/06/09
960,Dorey,Mussetti,dmussettiqn@yellowpages.com,Male,Rhynoodle,45.171.0.151,2020/11/28
961,Lidia,Heeley,lheeleyqo@ifeng.com,Female,Wordify,254.36.248.52,2020/12/23
962,Leese,Cartwright,lcartwrightqp@nifty.com,Male,Flashpoint,169.255.71.82,2020/10/30
963,Winna,Klaaasen,wklaaasenqq@technorati.com,Male,Ainyx,15.86.154.129,2020/05/09
964,Heywood,Uff,huffqr@yelp.com,Female,Meedoo,177.166.120.216,2020/04/20
965,Marijo,Henryson,mhenrysonqs@statcounter.com,Female,Kaymbo,144.31.196.30,2021/01/15
966,Glyn,Faire,gfaireqt@surveymonkey.com,Male,Lajo,10.36.208.66,2020/12/26
967,Heddie,Phear,hphearqu@ustream.tv,Female,,225.116.241.128,2020/10/05
968,Sanders,Duggary,sduggaryqv@stanford.edu,Male,Youfeed,65.40.145.99,2020/12/19
969,Karon,New,knewqw@answers.com,Male,,213.25.121.124,2021/02/17
970,Tonnie,MacLoughlin,tmacloughlinqx@europa.eu,Female,Teklist,240.11.35.13,2020/06/24
971,Cassie,Dunstan,cdunstanqy@cisco.com,Male,Feednation,41.81.255.97,2020/07/15
972,Michal,Vinten,mvintenqz@redcross.org,Female,Kazio,34.33.3.140,2020/06/25
973,Dee,Crookshanks,dcrookshanksr0@yolasite.com,Female,Skipfire,162.23.122.55,2021/02/07
974,Rosalind,Gotfrey,rgotfreyr1@domainmarket.com,Male,Oozz,11.139.185.202,2020/09/18
975,Valentine,Dalling,vdallingr2@sfgate.com,Female,Digitube,163.240.125.107,2020/09/09
976,Conny,Padden,cpaddenr3@blog.com,Female,Eadel,29.90.213.31,2021/01/08
977,Eduardo,Jurczak,ejurczakr4@360.cn,Male,Trupe,146.6.124.173,2020/09/20
978,Greggory,Koeppe,gkoepper5@bloglovin.com,Female,Fivespan,45.12.197.134,2020/09/24
979,Lorie,Danev,ldanevr6@berkeley.edu,Female,Skynoodle,227.4.169.71,2020/03/23
980,Zack,Bourgour,zbourgourr7@opera.com,Female,Yambee,123.46.219.105,2021/01/03
981,Ilaire,Samsin,isamsinr8@bloglovin.com,Female,Dabshots,50.82.19.30,2021/01/25
982,Hector,MacVay,hmacvayr9@geocities.com,Male,Kwilith,54.106.156.90,2020/06/04
983,Joanna,Glendza,jglendzara@cafepress.com,Female,Avamba,116.184.124.90,2020/06/07
984,Fonz,Vinall,fvinallrb@blog.com,Male,Mynte,189.85.233.131,2020/05/12
985,Jehu,Killbey,jkillbeyrc@altervista.org,Male,Yakitri,115.163.43.110,2020/03/08
986,Jeannette,Fleeming,jfleemingrd@mapquest.com,Male,Skimia,81.111.5.53,2020/05/06
987,Lucine,Nabbs,lnabbsre@1688.com,Male,Skalith,150.45.255.33,2020/10/29
988,Emalee,Carleman,ecarlemanrf@mit.edu,Female,Chatterbridge,137.242.101.122,2020/03/27
989,Debi,Airey,daireyrg@independent.co.uk,Male,Skinix,188.107.78.38,2020/03/26
990,Winni,Learmond,wlearmondrh@auda.org.au,Female,Riffpedia,137.164.55.138,2021/01/21
991,Devora,Wollacott,dwollacottri@xinhuanet.com,Male,Zoonder,129.162.87.187,2020/10/12
992,Bianka,Lorrain,blorrainrj@google.com,Female,Mydeo,172.146.252.94,2020/10/03
993,Ardene,Huyche,ahuycherk@tripod.com,Male,Dynava,70.120.93.231,2020/11/14
994,Neron,Cordner,ncordnerrl@google.ca,Male,,171.23.24.219,2020/03/20
995,Sile,Farnon,sfarnonrm@yelp.com,Female,Jaxworks,158.47.94.117,2020/06/12
996,Jeremiah,Watkin,jwatkinrn@bigcartel.com,Female,Thoughtworks,58.251.172.201,2020/12/29
997,Zulema,Thomasset,zthomassetro@whitehouse.gov,Male,Twitternation,249.183.195.201,2020/03/01
998,Jerri,Iscowitz,jiscowitzrp@sphinn.com,Male,Eabox,143.102.135.31,2021/02/10
999,Monica,Dufer,mduferrq@newyorker.com,Male,Topicshots,196.251.226.51,2020/03/28
1000,Crichton,Lashbrook,clashbrookrr@mtv.com,Female,Youtags,93.254.95.117,2020/10/30